Using launch settings from src\JobOrbit.API\Properties\launchSettings.json...
warn: Microsoft.EntityFrameworkCore.Model.Validation[20601]
      The 'AuditSeverity' property 'Severity' on entity type 'AuditLog' is configured with a database-generated default, but has no configured sentinel value. The database-generated default will always be used for inserts when the property has the value '0', since this is the CLR default for the 'AuditSeverity' type. Consider using a nullable type, using a nullable backing field, or setting the sentinel value for the property to ensure the database default is used when, and only when, appropriate. See https://aka.ms/efcore-docs-default-values for more information.
info: Microsoft.EntityFrameworkCore.Database.Command[20101]
      Executed DbCommand (37ms) [Parameters=[], CommandType='Text', CommandTimeout='30']
      SELECT [p].[Id], [p].[Category], [p].[Code], [p].[CreatedAt], [p].[Description], [p].[DisplayName], [p].[IsSystemPermission], [p].[UpdatedAt]
      FROM [Permissions] AS [p]
info: Microsoft.EntityFrameworkCore.Database.Command[20101]
      Executed DbCommand (3ms) [Parameters=[], CommandType='Text', CommandTimeout='30']
      SELECT [u].[Id], [u].[ApplicationStatusNotifications], [u].[CreatedAt], [u].[Email], [u].[EmailNotifications], [u].[FirstName], [u].[InterviewReminders], [u].[IsActive], [u].[JobRecommendationNotifications], [u].[LastName], [u].[PasswordHash], [u].[Role], [u].[UpdatedAt]
      FROM [Users] AS [u]
      WHERE 0 = 1
info: Microsoft.EntityFrameworkCore.Database.Command[20101]
      Executed DbCommand (2ms) [Parameters=[], CommandType='Text', CommandTimeout='30']
      SELECT [r].[Role], [r].[PermissionId]
      FROM [RolePermissions] AS [r]
info: Microsoft.EntityFrameworkCore.Database.Command[20101]
      Executed DbCommand (0ms) [Parameters=[], CommandType='Text', CommandTimeout='30']
      SELECT [u].[Id], [u].[ApplicationStatusNotifications], [u].[CreatedAt], [u].[Email], [u].[EmailNotifications], [u].[FirstName], [u].[InterviewReminders], [u].[IsActive], [u].[JobRecommendationNotifications], [u].[LastName], [u].[PasswordHash], [u].[Role], [u].[UpdatedAt]
      FROM [Users] AS [u]
      WHERE 0 = 1
info: Microsoft.EntityFrameworkCore.Database.Command[20101]
      Executed DbCommand (0ms) [Parameters=[], CommandType='Text', CommandTimeout='30']
      SELECT [p].[Id], [p].[Category], [p].[Code], [p].[CreatedAt], [p].[Description], [p].[DisplayName], [p].[IsSystemPermission], [p].[UpdatedAt]
      FROM [Permissions] AS [p]
info: Microsoft.EntityFrameworkCore.Database.Command[20101]
      Executed DbCommand (0ms) [Parameters=[], CommandType='Text', CommandTimeout='30']
      SELECT [u].[Id], [u].[ApplicationStatusNotifications], [u].[CreatedAt], [u].[Email], [u].[EmailNotifications], [u].[FirstName], [u].[InterviewReminders], [u].[IsActive], [u].[JobRecommendationNotifications], [u].[LastName], [u].[PasswordHash], [u].[Role], [u].[UpdatedAt]
      FROM [Users] AS [u]
      WHERE 0 = 1
info: Microsoft.EntityFrameworkCore.Database.Command[20101]
      Executed DbCommand (0ms) [Parameters=[], CommandType='Text', CommandTimeout='30']
      SELECT [r].[Role], [r].[PermissionId]
      FROM [RolePermissions] AS [r]
info: Microsoft.EntityFrameworkCore.Database.Command[20101]
      Executed DbCommand (0ms) [Parameters=[], CommandType='Text', CommandTimeout='30']
      SELECT [u].[Id], [u].[ApplicationStatusNotifications], [u].[CreatedAt], [u].[Email], [u].[EmailNotifications], [u].[FirstName], [u].[InterviewReminders], [u].[IsActive], [u].[JobRecommendationNotifications], [u].[LastName], [u].[PasswordHash], [u].[Role], [u].[UpdatedAt]
      FROM [Users] AS [u]
      WHERE 0 = 1
info: Microsoft.EntityFrameworkCore.Database.Command[20101]
      Executed DbCommand (3ms) [Parameters=[], CommandType='Text', CommandTimeout='30']
      SELECT TOP(2) [o].[Id], [o].[AddressLine1], [o].[AddressLine2], [o].[City], [o].[Code], [o].[Country], [o].[CreatedAt], [o].[DeactivatedAt], [o].[DeactivatedReason], [o].[Description], [o].[Email], [o].[IsActive], [o].[Location], [o].[Name], [o].[Phone], [o].[PostalCode], [o].[StateOrProvince], [o].[UpdatedAt], [o].[WebsiteUrl]
      FROM [Organizations] AS [o]
      WHERE [o].[Name] = N'NovaTech Solutions'
info: Microsoft.EntityFrameworkCore.Database.Command[20101]
      Executed DbCommand (14ms) [Parameters=[@organization_Id='?' (DbType = Int32)], CommandType='Text', CommandTimeout='30']
      SELECT TOP(2) [d].[Id], [d].[Code], [d].[CreatedAt], [d].[DeactivatedAt], [d].[DeactivatedReason], [d].[Description], [d].[Email], [d].[IsActive], [d].[Name], [d].[OrganizationId], [d].[Phone], [d].[UpdatedAt]
      FROM [Departments] AS [d]
      WHERE [d].[OrganizationId] = @organization_Id AND [d].[Name] = N'Engineering'
info: Microsoft.EntityFrameworkCore.Database.Command[20101]
      Executed DbCommand (2ms) [Parameters=[], CommandType='Text', CommandTimeout='30']
      SELECT TOP(2) [u].[Id], [u].[ApplicationStatusNotifications], [u].[CreatedAt], [u].[Email], [u].[EmailNotifications], [u].[FirstName], [u].[InterviewReminders], [u].[IsActive], [u].[JobRecommendationNotifications], [u].[LastName], [u].[PasswordHash], [u].[Role], [u].[UpdatedAt]
      FROM [Users] AS [u]
      WHERE [u].[Email] = N'recruiter@joborbit.test'
info: Microsoft.EntityFrameworkCore.Database.Command[20101]
      Executed DbCommand (4ms) [Parameters=[@recruiter_Id='?' (DbType = Int32)], CommandType='Text', CommandTimeout='30']
      SELECT TOP(2) [r].[Id], [r].[CandidateStatusNotifications], [r].[CreatedAt], [r].[EmailNotifications], [r].[InterviewNotifications], [r].[JobApplicationNotifications], [r].[JobTitle], [r].[OrganizationId], [r].[PhoneNumber], [r].[UpdatedAt], [r].[UserId]
      FROM [RecruiterProfiles] AS [r]
      WHERE [r].[UserId] = @recruiter_Id
info: Microsoft.EntityFrameworkCore.Database.Command[20101]
      Executed DbCommand (3ms) [Parameters=[], CommandType='Text', CommandTimeout='30']
      SELECT TOP(2) [u].[Id], [u].[ApplicationStatusNotifications], [u].[CreatedAt], [u].[Email], [u].[EmailNotifications], [u].[FirstName], [u].[InterviewReminders], [u].[IsActive], [u].[JobRecommendationNotifications], [u].[LastName], [u].[PasswordHash], [u].[Role], [u].[UpdatedAt]
      FROM [Users] AS [u]
      WHERE [u].[Email] = N'manager@joborbit.test'
info: Microsoft.EntityFrameworkCore.Database.Command[20101]
      Executed DbCommand (3ms) [Parameters=[@manager_Id='?' (DbType = Int32)], CommandType='Text', CommandTimeout='30']
      SELECT CASE
          WHEN EXISTS (
              SELECT 1
              FROM [HiringManagerProfiles] AS [h]
              WHERE [h].[UserId] = @manager_Id) THEN CAST(1 AS bit)
          ELSE CAST(0 AS bit)
      END
info: Microsoft.EntityFrameworkCore.Database.Command[20101]
      Executed DbCommand (2ms) [Parameters=[], CommandType='Text', CommandTimeout='30']
      SELECT TOP(2) [u].[Id], [u].[ApplicationStatusNotifications], [u].[CreatedAt], [u].[Email], [u].[EmailNotifications], [u].[FirstName], [u].[InterviewReminders], [u].[IsActive], [u].[JobRecommendationNotifications], [u].[LastName], [u].[PasswordHash], [u].[Role], [u].[UpdatedAt]
      FROM [Users] AS [u]
      WHERE [u].[Email] = N'admin@joborbit.test'
info: Microsoft.EntityFrameworkCore.Database.Command[20101]
      Executed DbCommand (2ms) [Parameters=[@skillNames1='?' (Size = 150), @skillNames2='?' (Size = 150), @skillNames3='?' (Size = 150), @skillNames4='?' (Size = 150), @skillNames5='?' (Size = 150), @skillNames6='?' (Size = 150), @skillNames7='?' (Size = 150), @skillNames8='?' (Size = 150), @skillNames9='?' (Size = 150), @skillNames10='?' (Size = 150)], CommandType='Text', CommandTimeout='30']
      SELECT [s].[Id], [s].[CreatedAt], [s].[Description], [s].[Name], [s].[UpdatedAt]
      FROM [Skills] AS [s]
      WHERE [s].[Name] IN (@skillNames1, @skillNames2, @skillNames3, @skillNames4, @skillNames5, @skillNames6, @skillNames7, @skillNames8, @skillNames9, @skillNames10)
info: Microsoft.EntityFrameworkCore.Database.Command[20101]
      Executed DbCommand (1ms) [Parameters=[], CommandType='Text', CommandTimeout='30']
      SELECT [u].[Id], [u].[ApplicationStatusNotifications], [u].[CreatedAt], [u].[Email], [u].[EmailNotifications], [u].[FirstName], [u].[InterviewReminders], [u].[IsActive], [u].[JobRecommendationNotifications], [u].[LastName], [u].[PasswordHash], [u].[Role], [u].[UpdatedAt]
      FROM [Users] AS [u]
      WHERE 0 = 1
info: Microsoft.EntityFrameworkCore.Database.Command[20101]
      Executed DbCommand (5ms) [Parameters=[@_8__locals1_organization_Id='?' (DbType = Int32), @seedJob_Title='?' (Size = 200)], CommandType='Text', CommandTimeout='30']
      SELECT TOP(2) [j].[Id], [j].[ClosingAt], [j].[CreatedAt], [j].[Currency], [j].[DepartmentId], [j].[Description], [j].[EmploymentType], [j].[ExperienceLevel], [j].[IsFeatured], [j].[Location], [j].[OrganizationId], [j].[PublishedAt], [j].[RecruiterProfileId], [j].[Requirements], [j].[Responsibilities], [j].[SalaryMaximum], [j].[SalaryMinimum], [j].[Status], [j].[Title], [j].[UpdatedAt], [j].[VacancyCount], [j].[WorkplaceType]
      FROM [JobPostings] AS [j]
      WHERE [j].[OrganizationId] = @_8__locals1_organization_Id AND [j].[Title] = @seedJob_Title
info: Microsoft.EntityFrameworkCore.Database.Command[20101]
      Executed DbCommand (2ms) [Parameters=[@job_Id='?' (DbType = Int32)], CommandType='Text', CommandTimeout='30']
      SELECT [j].[SkillId]
      FROM [JobSkills] AS [j]
      WHERE [j].[JobPostingId] = @job_Id
info: Microsoft.EntityFrameworkCore.Database.Command[20101]
      Executed DbCommand (0ms) [Parameters=[], CommandType='Text', CommandTimeout='30']
      SELECT [u].[Id], [u].[ApplicationStatusNotifications], [u].[CreatedAt], [u].[Email], [u].[EmailNotifications], [u].[FirstName], [u].[InterviewReminders], [u].[IsActive], [u].[JobRecommendationNotifications], [u].[LastName], [u].[PasswordHash], [u].[Role], [u].[UpdatedAt]
      FROM [Users] AS [u]
      WHERE 0 = 1
info: Microsoft.EntityFrameworkCore.Database.Command[20101]
      Executed DbCommand (1ms) [Parameters=[@_8__locals1_organization_Id='?' (DbType = Int32), @seedJob_Title='?' (Size = 200)], CommandType='Text', CommandTimeout='30']
      SELECT TOP(2) [j].[Id], [j].[ClosingAt], [j].[CreatedAt], [j].[Currency], [j].[DepartmentId], [j].[Description], [j].[EmploymentType], [j].[ExperienceLevel], [j].[IsFeatured], [j].[Location], [j].[OrganizationId], [j].[PublishedAt], [j].[RecruiterProfileId], [j].[Requirements], [j].[Responsibilities], [j].[SalaryMaximum], [j].[SalaryMinimum], [j].[Status], [j].[Title], [j].[UpdatedAt], [j].[VacancyCount], [j].[WorkplaceType]
      FROM [JobPostings] AS [j]
      WHERE [j].[OrganizationId] = @_8__locals1_organization_Id AND [j].[Title] = @seedJob_Title
info: Microsoft.EntityFrameworkCore.Database.Command[20101]
      Executed DbCommand (0ms) [Parameters=[@job_Id='?' (DbType = Int32)], CommandType='Text', CommandTimeout='30']
      SELECT [j].[SkillId]
      FROM [JobSkills] AS [j]
      WHERE [j].[JobPostingId] = @job_Id
info: Microsoft.EntityFrameworkCore.Database.Command[20101]
      Executed DbCommand (0ms) [Parameters=[], CommandType='Text', CommandTimeout='30']
      SELECT [u].[Id], [u].[ApplicationStatusNotifications], [u].[CreatedAt], [u].[Email], [u].[EmailNotifications], [u].[FirstName], [u].[InterviewReminders], [u].[IsActive], [u].[JobRecommendationNotifications], [u].[LastName], [u].[PasswordHash], [u].[Role], [u].[UpdatedAt]
      FROM [Users] AS [u]
      WHERE 0 = 1
info: Microsoft.EntityFrameworkCore.Database.Command[20101]
      Executed DbCommand (0ms) [Parameters=[@_8__locals1_organization_Id='?' (DbType = Int32), @seedJob_Title='?' (Size = 200)], CommandType='Text', CommandTimeout='30']
      SELECT TOP(2) [j].[Id], [j].[ClosingAt], [j].[CreatedAt], [j].[Currency], [j].[DepartmentId], [j].[Description], [j].[EmploymentType], [j].[ExperienceLevel], [j].[IsFeatured], [j].[Location], [j].[OrganizationId], [j].[PublishedAt], [j].[RecruiterProfileId], [j].[Requirements], [j].[Responsibilities], [j].[SalaryMaximum], [j].[SalaryMinimum], [j].[Status], [j].[Title], [j].[UpdatedAt], [j].[VacancyCount], [j].[WorkplaceType]
      FROM [JobPostings] AS [j]
      WHERE [j].[OrganizationId] = @_8__locals1_organization_Id AND [j].[Title] = @seedJob_Title
info: Microsoft.EntityFrameworkCore.Database.Command[20101]
      Executed DbCommand (0ms) [Parameters=[@job_Id='?' (DbType = Int32)], CommandType='Text', CommandTimeout='30']
      SELECT [j].[SkillId]
      FROM [JobSkills] AS [j]
      WHERE [j].[JobPostingId] = @job_Id
info: Microsoft.EntityFrameworkCore.Database.Command[20101]
      Executed DbCommand (0ms) [Parameters=[], CommandType='Text', CommandTimeout='30']
      SELECT [u].[Id], [u].[ApplicationStatusNotifications], [u].[CreatedAt], [u].[Email], [u].[EmailNotifications], [u].[FirstName], [u].[InterviewReminders], [u].[IsActive], [u].[JobRecommendationNotifications], [u].[LastName], [u].[PasswordHash], [u].[Role], [u].[UpdatedAt]
      FROM [Users] AS [u]
      WHERE 0 = 1
info: Microsoft.EntityFrameworkCore.Database.Command[20101]
      Executed DbCommand (1ms) [Parameters=[@_8__locals1_organization_Id='?' (DbType = Int32), @seedJob_Title='?' (Size = 200)], CommandType='Text', CommandTimeout='30']
      SELECT TOP(2) [j].[Id], [j].[ClosingAt], [j].[CreatedAt], [j].[Currency], [j].[DepartmentId], [j].[Description], [j].[EmploymentType], [j].[ExperienceLevel], [j].[IsFeatured], [j].[Location], [j].[OrganizationId], [j].[PublishedAt], [j].[RecruiterProfileId], [j].[Requirements], [j].[Responsibilities], [j].[SalaryMaximum], [j].[SalaryMinimum], [j].[Status], [j].[Title], [j].[UpdatedAt], [j].[VacancyCount], [j].[WorkplaceType]
      FROM [JobPostings] AS [j]
      WHERE [j].[OrganizationId] = @_8__locals1_organization_Id AND [j].[Title] = @seedJob_Title
info: Microsoft.EntityFrameworkCore.Database.Command[20101]
      Executed DbCommand (0ms) [Parameters=[@job_Id='?' (DbType = Int32)], CommandType='Text', CommandTimeout='30']
      SELECT [j].[SkillId]
      FROM [JobSkills] AS [j]
      WHERE [j].[JobPostingId] = @job_Id
info: Microsoft.EntityFrameworkCore.Database.Command[20101]
      Executed DbCommand (0ms) [Parameters=[], CommandType='Text', CommandTimeout='30']
      SELECT [u].[Id], [u].[ApplicationStatusNotifications], [u].[CreatedAt], [u].[Email], [u].[EmailNotifications], [u].[FirstName], [u].[InterviewReminders], [u].[IsActive], [u].[JobRecommendationNotifications], [u].[LastName], [u].[PasswordHash], [u].[Role], [u].[UpdatedAt]
      FROM [Users] AS [u]
      WHERE 0 = 1
info: Microsoft.EntityFrameworkCore.Database.Command[20101]
      Executed DbCommand (0ms) [Parameters=[@_8__locals1_organization_Id='?' (DbType = Int32), @seedJob_Title='?' (Size = 200)], CommandType='Text', CommandTimeout='30']
      SELECT TOP(2) [j].[Id], [j].[ClosingAt], [j].[CreatedAt], [j].[Currency], [j].[DepartmentId], [j].[Description], [j].[EmploymentType], [j].[ExperienceLevel], [j].[IsFeatured], [j].[Location], [j].[OrganizationId], [j].[PublishedAt], [j].[RecruiterProfileId], [j].[Requirements], [j].[Responsibilities], [j].[SalaryMaximum], [j].[SalaryMinimum], [j].[Status], [j].[Title], [j].[UpdatedAt], [j].[VacancyCount], [j].[WorkplaceType]
      FROM [JobPostings] AS [j]
      WHERE [j].[OrganizationId] = @_8__locals1_organization_Id AND [j].[Title] = @seedJob_Title
info: Microsoft.EntityFrameworkCore.Database.Command[20101]
      Executed DbCommand (0ms) [Parameters=[@job_Id='?' (DbType = Int32)], CommandType='Text', CommandTimeout='30']
      SELECT [j].[SkillId]
      FROM [JobSkills] AS [j]
      WHERE [j].[JobPostingId] = @job_Id
info: Microsoft.EntityFrameworkCore.Database.Command[20101]
      Executed DbCommand (0ms) [Parameters=[], CommandType='Text', CommandTimeout='30']
      SELECT [u].[Id], [u].[ApplicationStatusNotifications], [u].[CreatedAt], [u].[Email], [u].[EmailNotifications], [u].[FirstName], [u].[InterviewReminders], [u].[IsActive], [u].[JobRecommendationNotifications], [u].[LastName], [u].[PasswordHash], [u].[Role], [u].[UpdatedAt]
      FROM [Users] AS [u]
      WHERE 0 = 1
info: Microsoft.Hosting.Lifetime[14]
      Now listening on: http://localhost:5181
info: Microsoft.Hosting.Lifetime[0]
      Application started. Press Ctrl+C to shut down.
info: Microsoft.Hosting.Lifetime[0]
      Hosting environment: Development
info: Microsoft.Hosting.Lifetime[0]
      Content root path: C:\Users\hesha\OneDrive\Desktop\JobOrbitAI\src\JobOrbit.API
warn: Microsoft.AspNetCore.HttpsPolicy.HttpsRedirectionMiddleware[3]
      Failed to determine the https port for redirect.
info: Microsoft.EntityFrameworkCore.Database.Command[20101]
      Executed DbCommand (2ms) [Parameters=[@normalizedEmail='?' (Size = 320)], CommandType='Text', CommandTimeout='30']
      SELECT TOP(2) [u].[Id], [u].[ApplicationStatusNotifications], [u].[CreatedAt], [u].[Email], [u].[EmailNotifications], [u].[FirstName], [u].[InterviewReminders], [u].[IsActive], [u].[JobRecommendationNotifications], [u].[LastName], [u].[PasswordHash], [u].[Role], [u].[UpdatedAt]
      FROM [Users] AS [u]
      WHERE [u].[Email] = @normalizedEmail
info: Microsoft.EntityFrameworkCore.Database.Command[20101]
      Executed DbCommand (1ms) [Parameters=[@actorIds1='?' (DbType = Int32)], CommandType='Text', CommandTimeout='30']
      SELECT [u].[Id], [u].[ApplicationStatusNotifications], [u].[CreatedAt], [u].[Email], [u].[EmailNotifications], [u].[FirstName], [u].[InterviewReminders], [u].[IsActive], [u].[JobRecommendationNotifications], [u].[LastName], [u].[PasswordHash], [u].[Role], [u].[UpdatedAt]
      FROM [Users] AS [u]
      WHERE [u].[Id] = @actorIds1
info: Microsoft.EntityFrameworkCore.Database.Command[20101]
      Executed DbCommand (6ms) [Parameters=[@p0='?' (Size = 100), @p1='?' (Size = 250), @p2='?' (Size = 50), @p3='?' (Size = 100), @p4='?' (DbType = DateTime2), @p5='?' (Size = 1000), @p6='?' (Size = 300), @p7='?' (DbType = Int32), @p8='?' (Size = 200), @p9='?' (Size = 64), @p10='?' (Size = 4000), @p11='?' (Size = 4000), @p12='?' (Size = 4000), @p13='?' (DbType = Int32), @p14='?' (DbType = DateTime2), @p15='?' (Size = 500), @p16='?' (DbType = Int32)], CommandType='Text', CommandTimeout='30']
      SET IMPLICIT_TRANSACTIONS OFF;
      SET NOCOUNT ON;
      INSERT INTO [AuditLogs] ([Action], [ActorNameSnapshot], [ActorRoleSnapshot], [CorrelationId], [CreatedAt], [Description], [EntityDisplayName], [EntityId], [EntityName], [IpAddress], [Metadata], [NewValues], [OldValues], [Severity], [UpdatedAt], [UserAgent], [UserId])
      OUTPUT INSERTED.[Id], INSERTED.[IsSuccess]
      VALUES (@p0, @p1, @p2, @p3, @p4, @p5, @p6, @p7, @p8, @p9, @p10, @p11, @p12, @p13, @p14, @p15, @p16);
info: Microsoft.EntityFrameworkCore.Database.Command[20101]
      Executed DbCommand (3ms) [Parameters=[@role='?' (DbType = Int32), @code='?' (Size = 150)], CommandType='Text', CommandTimeout='30']
      SELECT CASE
          WHEN EXISTS (
              SELECT 1
              FROM [RolePermissions] AS [r]
              INNER JOIN [Permissions] AS [p] ON [r].[PermissionId] = [p].[Id]
              WHERE [r].[Role] = @role AND [p].[Code] = @code) THEN CAST(1 AS bit)
          ELSE CAST(0 AS bit)
      END
info: Microsoft.EntityFrameworkCore.Database.Command[20101]
      Executed DbCommand (10ms) [Parameters=[@f_From='?' (DbType = DateTime2), @f_To='?' (DbType = DateTime2), @f_From3='?' (DbType = DateTime2), @f_To4='?' (DbType = DateTime2)], CommandType='Text', CommandTimeout='30']
      SELECT [a].[DecidedAt], [j1].[AppliedAt]
      FROM [ApplicationHiringDecisions] AS [a]
      INNER JOIN [JobApplications] AS [j1] ON [a].[JobApplicationId] = [j1].[Id]
      WHERE [a].[JobApplicationId] IN (
          SELECT [j].[Id]
          FROM [JobApplications] AS [j]
          WHERE [j].[JobPostingId] IN (
              SELECT [j0].[Id]
              FROM [JobPostings] AS [j0]
          ) AND [j].[AppliedAt] >= @f_From AND [j].[AppliedAt] <= @f_To
      ) AND [a].[Decision] = 2 AND [a].[DecidedAt] >= @f_From3 AND [a].[DecidedAt] <= @f_To4 AND [a].[DecidedAt] >= [j1].[AppliedAt]
info: Microsoft.EntityFrameworkCore.Database.Command[20101]
      Executed DbCommand (2ms) [Parameters=[@f_From='?' (DbType = DateTime2), @f_To='?' (DbType = DateTime2)], CommandType='Text', CommandTimeout='30']
      SELECT COUNT(*)
      FROM [JobApplications] AS [j]
      WHERE [j].[JobPostingId] IN (
          SELECT [j0].[Id]
          FROM [JobPostings] AS [j0]
      ) AND [j].[AppliedAt] >= @f_From AND [j].[AppliedAt] <= @f_To
info: Microsoft.EntityFrameworkCore.Database.Command[20101]
      Executed DbCommand (4ms) [Parameters=[@f_From='?' (DbType = DateTime2), @f_To='?' (DbType = DateTime2), @f_From3='?' (DbType = DateTime2), @f_To4='?' (DbType = DateTime2)], CommandType='Text', CommandTimeout='30']
      SELECT COUNT(*)
      FROM [ApplicationHiringDecisions] AS [a]
      WHERE [a].[JobApplicationId] IN (
          SELECT [j].[Id]
          FROM [JobApplications] AS [j]
          WHERE [j].[JobPostingId] IN (
              SELECT [j0].[Id]
              FROM [JobPostings] AS [j0]
          ) AND [j].[AppliedAt] >= @f_From AND [j].[AppliedAt] <= @f_To
      ) AND [a].[Decision] = 2 AND [a].[DecidedAt] >= @f_From3 AND [a].[DecidedAt] <= @f_To4
info: Microsoft.EntityFrameworkCore.Database.Command[20101]
      Executed DbCommand (4ms) [Parameters=[@f_From='?' (DbType = DateTime2), @f_To='?' (DbType = DateTime2), @f_From3='?' (DbType = DateTime2), @f_To4='?' (DbType = DateTime2)], CommandType='Text', CommandTimeout='30']
      SELECT COUNT(*)
      FROM [CandidateEvaluations] AS [c]
      WHERE [c].[JobApplicationId] IN (
          SELECT [j].[Id]
          FROM [JobApplications] AS [j]
          WHERE [j].[JobPostingId] IN (
              SELECT [j0].[Id]
              FROM [JobPostings] AS [j0]
          ) AND [j].[AppliedAt] >= @f_From AND [j].[AppliedAt] <= @f_To
      ) AND [c].[CreatedAt] >= @f_From3 AND [c].[CreatedAt] <= @f_To4
info: Microsoft.EntityFrameworkCore.Database.Command[20101]
      Executed DbCommand (4ms) [Parameters=[@f_From='?' (DbType = DateTime2), @f_To='?' (DbType = DateTime2), @f_From3='?' (DbType = DateTime2), @f_To4='?' (DbType = DateTime2)], CommandType='Text', CommandTimeout='30']
      SELECT AVG([c].[OverallScore])
      FROM [CandidateEvaluations] AS [c]
      WHERE [c].[JobApplicationId] IN (
          SELECT [j].[Id]
          FROM [JobApplications] AS [j]
          WHERE [j].[JobPostingId] IN (
              SELECT [j0].[Id]
              FROM [JobPostings] AS [j0]
          ) AND [j].[AppliedAt] >= @f_From AND [j].[AppliedAt] <= @f_To
      ) AND [c].[CreatedAt] >= @f_From3 AND [c].[CreatedAt] <= @f_To4
info: Microsoft.EntityFrameworkCore.Database.Command[20101]
      Executed DbCommand (1ms) [Parameters=[], CommandType='Text', CommandTimeout='30']
      SELECT COUNT(*)
      FROM [Users] AS [u]
      WHERE [u].[IsActive] = CAST(1 AS bit)
info: Microsoft.EntityFrameworkCore.Database.Command[20101]
      Executed DbCommand (2ms) [Parameters=[@f_From='?' (DbType = DateTime2), @f_To='?' (DbType = DateTime2)], CommandType='Text', CommandTimeout='30']
      SELECT COUNT(*)
      FROM [Users] AS [u]
      WHERE [u].[IsActive] = CAST(1 AS bit) AND [u].[CreatedAt] >= @f_From AND [u].[CreatedAt] <= @f_To
info: Microsoft.EntityFrameworkCore.Database.Command[20101]
      Executed DbCommand (1ms) [Parameters=[], CommandType='Text', CommandTimeout='30']
      SELECT COUNT(*)
      FROM [Organizations] AS [o]
      WHERE [o].[IsActive] = CAST(1 AS bit)
info: Microsoft.EntityFrameworkCore.Database.Command[20101]
      Executed DbCommand (2ms) [Parameters=[], CommandType='Text', CommandTimeout='30']
      SELECT COUNT(*)
      FROM [JobPostings] AS [j]
      WHERE [j].[Status] = 2 AND ([j].[ClosingAt] IS NULL OR [j].[ClosingAt] > GETUTCDATE())
info: Microsoft.EntityFrameworkCore.Database.Command[20101]
      Executed DbCommand (5ms) [Parameters=[@f_From='?' (DbType = DateTime2), @f_To='?' (DbType = DateTime2), @f_From3='?' (DbType = DateTime2), @f_To4='?' (DbType = DateTime2)], CommandType='Text', CommandTimeout='30']
      SELECT COUNT(*)
      FROM [Interviews] AS [i]
      WHERE [i].[JobApplicationId] IN (
          SELECT [j].[Id]
          FROM [JobApplications] AS [j]
          WHERE [j].[JobPostingId] IN (
              SELECT [j0].[Id]
              FROM [JobPostings] AS [j0]
          ) AND [j].[AppliedAt] >= @f_From AND [j].[AppliedAt] <= @f_To
      ) AND [i].[Status] = 2 AND [i].[ScheduledAt] >= @f_From3 AND [i].[ScheduledAt] <= @f_To4
info: Microsoft.EntityFrameworkCore.Database.Command[20101]
      Executed DbCommand (4ms) [Parameters=[@f_From='?' (DbType = DateTime2), @f_To='?' (DbType = DateTime2), @f_From3='?' (DbType = DateTime2), @f_To4='?' (DbType = DateTime2)], CommandType='Text', CommandTimeout='30']
      SELECT COUNT(*)
      FROM [ApplicationHiringDecisions] AS [a]
      WHERE [a].[JobApplicationId] IN (
          SELECT [j].[Id]
          FROM [JobApplications] AS [j]
          WHERE [j].[JobPostingId] IN (
              SELECT [j0].[Id]
              FROM [JobPostings] AS [j0]
          ) AND [j].[AppliedAt] >= @f_From AND [j].[AppliedAt] <= @f_To
      ) AND [a].[Decision] = 3 AND [a].[DecidedAt] >= @f_From3 AND [a].[DecidedAt] <= @f_To4
info: Microsoft.EntityFrameworkCore.Database.Command[20101]
      Executed DbCommand (0ms) [Parameters=[@role='?' (DbType = Int32), @code='?' (Size = 150)], CommandType='Text', CommandTimeout='30']
      SELECT CASE
          WHEN EXISTS (
              SELECT 1
              FROM [RolePermissions] AS [r]
              INNER JOIN [Permissions] AS [p] ON [r].[PermissionId] = [p].[Id]
              WHERE [r].[Role] = @role AND [p].[Code] = @code) THEN CAST(1 AS bit)
          ELSE CAST(0 AS bit)
      END
info: Microsoft.EntityFrameworkCore.Database.Command[20101]
      Executed DbCommand (13ms) [Parameters=[@userId='?' (DbType = Int32)], CommandType='Text', CommandTimeout='30']
      SELECT TOP(2) [u].[Id], [u].[ApplicationStatusNotifications], [u].[CreatedAt], [u].[Email], [u].[EmailNotifications], [u].[FirstName], [u].[InterviewReminders], [u].[IsActive], [u].[JobRecommendationNotifications], [u].[LastName], [u].[PasswordHash], [u].[Role], [u].[UpdatedAt]
      FROM [Users] AS [u]
      WHERE [u].[Id] = @userId
info: Microsoft.EntityFrameworkCore.Database.Command[20101]
      Executed DbCommand (0ms) [Parameters=[@userId='?' (DbType = Int32)], CommandType='Text', CommandTimeout='30']
      SELECT TOP(2) [u].[Id], [u].[ApplicationStatusNotifications], [u].[CreatedAt], [u].[Email], [u].[EmailNotifications], [u].[FirstName], [u].[InterviewReminders], [u].[IsActive], [u].[JobRecommendationNotifications], [u].[LastName], [u].[PasswordHash], [u].[Role], [u].[UpdatedAt]
      FROM [Users] AS [u]
      WHERE [u].[Id] = @userId
info: Microsoft.EntityFrameworkCore.Database.Command[20101]
      Executed DbCommand (1ms) [Parameters=[@role='?' (DbType = Int32), @code='?' (Size = 150)], CommandType='Text', CommandTimeout='30']
      SELECT CASE
          WHEN EXISTS (
              SELECT 1
              FROM [RolePermissions] AS [r]
              INNER JOIN [Permissions] AS [p] ON [r].[PermissionId] = [p].[Id]
              WHERE [r].[Role] = @role AND [p].[Code] = @code) THEN CAST(1 AS bit)
          ELSE CAST(0 AS bit)
      END
info: Microsoft.EntityFrameworkCore.Database.Command[20101]
      Executed DbCommand (1ms) [Parameters=[@role='?' (DbType = Int32), @code='?' (Size = 150)], CommandType='Text', CommandTimeout='30']
      SELECT CASE
          WHEN EXISTS (
              SELECT 1
              FROM [RolePermissions] AS [r]
              INNER JOIN [Permissions] AS [p] ON [r].[PermissionId] = [p].[Id]
              WHERE [r].[Role] = @role AND [p].[Code] = @code) THEN CAST(1 AS bit)
          ELSE CAST(0 AS bit)
      END
info: Microsoft.EntityFrameworkCore.Database.Command[20101]
      Executed DbCommand (1ms) [Parameters=[@role='?' (DbType = Int32), @code='?' (Size = 150)], CommandType='Text', CommandTimeout='30']
      SELECT CASE
          WHEN EXISTS (
              SELECT 1
              FROM [RolePermissions] AS [r]
              INNER JOIN [Permissions] AS [p] ON [r].[PermissionId] = [p].[Id]
              WHERE [r].[Role] = @role AND [p].[Code] = @code) THEN CAST(1 AS bit)
          ELSE CAST(0 AS bit)
      END
info: Microsoft.EntityFrameworkCore.Database.Command[20101]
      Executed DbCommand (0ms) [Parameters=[@role='?' (DbType = Int32), @code='?' (Size = 150)], CommandType='Text', CommandTimeout='30']
      SELECT CASE
          WHEN EXISTS (
              SELECT 1
              FROM [RolePermissions] AS [r]
              INNER JOIN [Permissions] AS [p] ON [r].[PermissionId] = [p].[Id]
              WHERE [r].[Role] = @role AND [p].[Code] = @code) THEN CAST(1 AS bit)
          ELSE CAST(0 AS bit)
      END
info: Microsoft.EntityFrameworkCore.Database.Command[20101]
      Executed DbCommand (0ms) [Parameters=[@role='?' (DbType = Int32), @code='?' (Size = 150)], CommandType='Text', CommandTimeout='30']
      SELECT CASE
          WHEN EXISTS (
              SELECT 1
              FROM [RolePermissions] AS [r]
              INNER JOIN [Permissions] AS [p] ON [r].[PermissionId] = [p].[Id]
              WHERE [r].[Role] = @role AND [p].[Code] = @code) THEN CAST(1 AS bit)
          ELSE CAST(0 AS bit)
      END
info: Microsoft.EntityFrameworkCore.Database.Command[20101]
      Executed DbCommand (1ms) [Parameters=[], CommandType='Text', CommandTimeout='30']
      SELECT COUNT(*)
      FROM [AuditLogs] AS [a]
info: Microsoft.EntityFrameworkCore.Database.Command[20101]
      Executed DbCommand (5ms) [Parameters=[@p='?' (DbType = Int32), @p1='?' (DbType = Int32)], CommandType='Text', CommandTimeout='30']
      SELECT [a0].[Id], [a0].[UserId], COALESCE([a0].[ActorNameSnapshot], CASE
          WHEN [u].[Id] IS NULL THEN N'System'
          ELSE COALESCE([u].[FirstName], N'') + N' ' + COALESCE([u].[LastName], N'')
      END) AS [Actor], COALESCE([a0].[ActorRoleSnapshot], CASE
          WHEN [u].[Id] IS NULL THEN NULL
          ELSE CASE [u].[Role]
              WHEN 1 THEN N'Candidate'
              WHEN 2 THEN N'Recruiter'
              WHEN 3 THEN N'Administrator'
              WHEN 4 THEN N'HiringManager'
              ELSE ISNULL(CAST([u].[Role] AS nvarchar(max)), N'')
          END
      END) AS [Role], [a0].[Action], [a0].[EntityName], [a0].[EntityId], [a0].[EntityDisplayName], COALESCE([a0].[Description], [a0].[Action] + N' on ' + [a0].[EntityName]) AS [Description], [a0].[Severity], [a0].[IsSuccess], [a0].[IpAddress], [a0].[CreatedAt]
      FROM (
          SELECT [a].[Id], [a].[Action], [a].[ActorNameSnapshot], [a].[ActorRoleSnapshot], [a].[CreatedAt], [a].[Description], [a].[EntityDisplayName], [a].[EntityId], [a].[EntityName], [a].[IpAddress], [a].[IsSuccess], [a].[Severity], [a].[UserId]
          FROM [AuditLogs] AS [a]
          ORDER BY [a].[CreatedAt] DESC
          OFFSET @p ROWS FETCH NEXT @p1 ROWS ONLY
      ) AS [a0]
      LEFT JOIN [Users] AS [u] ON [a0].[UserId] = [u].[Id]
      ORDER BY [a0].[CreatedAt] DESC
info: Microsoft.EntityFrameworkCore.Database.Command[20101]
      Executed DbCommand (1ms) [Parameters=[@role='?' (DbType = Int32), @code='?' (Size = 150)], CommandType='Text', CommandTimeout='30']
      SELECT CASE
          WHEN EXISTS (
              SELECT 1
              FROM [RolePermissions] AS [r]
              INNER JOIN [Permissions] AS [p] ON [r].[PermissionId] = [p].[Id]
              WHERE [r].[Role] = @role AND [p].[Code] = @code) THEN CAST(1 AS bit)
          ELSE CAST(0 AS bit)
      END
info: Microsoft.EntityFrameworkCore.Database.Command[20101]
      Executed DbCommand (0ms) [Parameters=[@role='?' (DbType = Int32), @code='?' (Size = 150)], CommandType='Text', CommandTimeout='30']
      SELECT CASE
          WHEN EXISTS (
              SELECT 1
              FROM [RolePermissions] AS [r]
              INNER JOIN [Permissions] AS [p] ON [r].[PermissionId] = [p].[Id]
              WHERE [r].[Role] = @role AND [p].[Code] = @code) THEN CAST(1 AS bit)
          ELSE CAST(0 AS bit)
      END
info: Microsoft.EntityFrameworkCore.Database.Command[20101]
      Executed DbCommand (0ms) [Parameters=[@role='?' (DbType = Int32), @code='?' (Size = 150)], CommandType='Text', CommandTimeout='30']
      SELECT CASE
          WHEN EXISTS (
              SELECT 1
              FROM [RolePermissions] AS [r]
              INNER JOIN [Permissions] AS [p] ON [r].[PermissionId] = [p].[Id]
              WHERE [r].[Role] = @role AND [p].[Code] = @code) THEN CAST(1 AS bit)
          ELSE CAST(0 AS bit)
      END
info: Microsoft.EntityFrameworkCore.Database.Command[20101]
      Executed DbCommand (0ms) [Parameters=[@role='?' (DbType = Int32), @code='?' (Size = 150)], CommandType='Text', CommandTimeout='30']
      SELECT CASE
          WHEN EXISTS (
              SELECT 1
              FROM [RolePermissions] AS [r]
              INNER JOIN [Permissions] AS [p] ON [r].[PermissionId] = [p].[Id]
              WHERE [r].[Role] = @role AND [p].[Code] = @code) THEN CAST(1 AS bit)
          ELSE CAST(0 AS bit)
      END
info: Microsoft.EntityFrameworkCore.Database.Command[20101]
      Executed DbCommand (1ms) [Parameters=[@role='?' (DbType = Int32), @code='?' (Size = 150)], CommandType='Text', CommandTimeout='30']
      SELECT CASE
          WHEN EXISTS (
              SELECT 1
              FROM [RolePermissions] AS [r]
              INNER JOIN [Permissions] AS [p] ON [r].[PermissionId] = [p].[Id]
              WHERE [r].[Role] = @role AND [p].[Code] = @code) THEN CAST(1 AS bit)
          ELSE CAST(0 AS bit)
      END
info: Microsoft.EntityFrameworkCore.Database.Command[20101]
      Executed DbCommand (1ms) [Parameters=[@f_From='?' (DbType = DateTime2), @f_To='?' (DbType = DateTime2), @f_From3='?' (DbType = DateTime2), @f_To4='?' (DbType = DateTime2)], CommandType='Text', CommandTimeout='30']
      SELECT [a].[DecidedAt], [j1].[AppliedAt]
      FROM [ApplicationHiringDecisions] AS [a]
      INNER JOIN [JobApplications] AS [j1] ON [a].[JobApplicationId] = [j1].[Id]
      WHERE [a].[JobApplicationId] IN (
          SELECT [j].[Id]
          FROM [JobApplications] AS [j]
          WHERE [j].[JobPostingId] IN (
              SELECT [j0].[Id]
              FROM [JobPostings] AS [j0]
          ) AND [j].[AppliedAt] >= @f_From AND [j].[AppliedAt] <= @f_To
      ) AND [a].[Decision] = 2 AND [a].[DecidedAt] >= @f_From3 AND [a].[DecidedAt] <= @f_To4 AND [a].[DecidedAt] >= [j1].[AppliedAt]
info: Microsoft.EntityFrameworkCore.Database.Command[20101]
      Executed DbCommand (0ms) [Parameters=[@role='?' (DbType = Int32), @code='?' (Size = 150)], CommandType='Text', CommandTimeout='30']
      SELECT CASE
          WHEN EXISTS (
              SELECT 1
              FROM [RolePermissions] AS [r]
              INNER JOIN [Permissions] AS [p] ON [r].[PermissionId] = [p].[Id]
              WHERE [r].[Role] = @role AND [p].[Code] = @code) THEN CAST(1 AS bit)
          ELSE CAST(0 AS bit)
      END
info: Microsoft.EntityFrameworkCore.Database.Command[20101]
      Executed DbCommand (1ms) [Parameters=[@f_From='?' (DbType = DateTime2), @f_To='?' (DbType = DateTime2)], CommandType='Text', CommandTimeout='30']
      SELECT COUNT(*)
      FROM [JobApplications] AS [j]
      WHERE [j].[JobPostingId] IN (
          SELECT [j0].[Id]
          FROM [JobPostings] AS [j0]
      ) AND [j].[AppliedAt] >= @f_From AND [j].[AppliedAt] <= @f_To
info: Microsoft.EntityFrameworkCore.Database.Command[20101]
      Executed DbCommand (1ms) [Parameters=[@f_From='?' (DbType = DateTime2), @f_To='?' (DbType = DateTime2), @f_From3='?' (DbType = DateTime2), @f_To4='?' (DbType = DateTime2)], CommandType='Text', CommandTimeout='30']
      SELECT COUNT(*)
      FROM [ApplicationHiringDecisions] AS [a]
      WHERE [a].[JobApplicationId] IN (
          SELECT [j].[Id]
          FROM [JobApplications] AS [j]
          WHERE [j].[JobPostingId] IN (
              SELECT [j0].[Id]
              FROM [JobPostings] AS [j0]
          ) AND [j].[AppliedAt] >= @f_From AND [j].[AppliedAt] <= @f_To
      ) AND [a].[Decision] = 2 AND [a].[DecidedAt] >= @f_From3 AND [a].[DecidedAt] <= @f_To4
info: Microsoft.EntityFrameworkCore.Database.Command[20101]
      Executed DbCommand (1ms) [Parameters=[@f_From='?' (DbType = DateTime2), @f_To='?' (DbType = DateTime2), @f_From3='?' (DbType = DateTime2), @f_To4='?' (DbType = DateTime2)], CommandType='Text', CommandTimeout='30']
      SELECT COUNT(*)
      FROM [CandidateEvaluations] AS [c]
      WHERE [c].[JobApplicationId] IN (
          SELECT [j].[Id]
          FROM [JobApplications] AS [j]
          WHERE [j].[JobPostingId] IN (
              SELECT [j0].[Id]
              FROM [JobPostings] AS [j0]
          ) AND [j].[AppliedAt] >= @f_From AND [j].[AppliedAt] <= @f_To
      ) AND [c].[CreatedAt] >= @f_From3 AND [c].[CreatedAt] <= @f_To4
info: Microsoft.EntityFrameworkCore.Database.Command[20101]
      Executed DbCommand (3ms) [Parameters=[@f_From='?' (DbType = DateTime2), @f_To='?' (DbType = DateTime2), @f_From3='?' (DbType = DateTime2), @f_To4='?' (DbType = DateTime2)], CommandType='Text', CommandTimeout='30']
      SELECT AVG([c].[OverallScore])
      FROM [CandidateEvaluations] AS [c]
      WHERE [c].[JobApplicationId] IN (
          SELECT [j].[Id]
          FROM [JobApplications] AS [j]
          WHERE [j].[JobPostingId] IN (
              SELECT [j0].[Id]
              FROM [JobPostings] AS [j0]
          ) AND [j].[AppliedAt] >= @f_From AND [j].[AppliedAt] <= @f_To
      ) AND [c].[CreatedAt] >= @f_From3 AND [c].[CreatedAt] <= @f_To4
info: Microsoft.EntityFrameworkCore.Database.Command[20101]
      Executed DbCommand (1ms) [Parameters=[@role='?' (DbType = Int32), @code='?' (Size = 150)], CommandType='Text', CommandTimeout='30']
      SELECT CASE
          WHEN EXISTS (
              SELECT 1
              FROM [RolePermissions] AS [r]
              INNER JOIN [Permissions] AS [p] ON [r].[PermissionId] = [p].[Id]
              WHERE [r].[Role] = @role AND [p].[Code] = @code) THEN CAST(1 AS bit)
          ELSE CAST(0 AS bit)
      END
info: Microsoft.EntityFrameworkCore.Database.Command[20101]
      Executed DbCommand (4ms) [Parameters=[], CommandType='Text', CommandTimeout='30']
      SELECT COUNT(*)
      FROM [Users] AS [u]
      WHERE [u].[IsActive] = CAST(1 AS bit)
info: Microsoft.EntityFrameworkCore.Database.Command[20101]
      Executed DbCommand (4ms) [Parameters=[@role='?' (DbType = Int32)], CommandType='Text', CommandTimeout='30']
      SELECT COUNT(*)
      FROM [Users] AS [u]
      WHERE [u].[Role] = @role
info: Microsoft.EntityFrameworkCore.Database.Command[20101]
      Executed DbCommand (1ms) [Parameters=[@role='?' (DbType = Int32), @code='?' (Size = 150)], CommandType='Text', CommandTimeout='30']
      SELECT CASE
          WHEN EXISTS (
              SELECT 1
              FROM [RolePermissions] AS [r]
              INNER JOIN [Permissions] AS [p] ON [r].[PermissionId] = [p].[Id]
              WHERE [r].[Role] = @role AND [p].[Code] = @code) THEN CAST(1 AS bit)
          ELSE CAST(0 AS bit)
      END
info: Microsoft.EntityFrameworkCore.Database.Command[20101]
      Executed DbCommand (3ms) [Parameters=[], CommandType='Text', CommandTimeout='30']
      SELECT [o].[Id], [o].[Name], [o].[Code], [o].[IsActive]
      FROM [Organizations] AS [o]
      ORDER BY [o].[Name]
info: Microsoft.EntityFrameworkCore.Database.Command[20101]
      Executed DbCommand (1ms) [Parameters=[@role='?' (DbType = Int32), @code='?' (Size = 150)], CommandType='Text', CommandTimeout='30']
      SELECT CASE
          WHEN EXISTS (
              SELECT 1
              FROM [RolePermissions] AS [r]
              INNER JOIN [Permissions] AS [p] ON [r].[PermissionId] = [p].[Id]
              WHERE [r].[Role] = @role AND [p].[Code] = @code) THEN CAST(1 AS bit)
          ELSE CAST(0 AS bit)
      END
info: Microsoft.EntityFrameworkCore.Database.Command[20101]
      Executed DbCommand (2ms) [Parameters=[], CommandType='Text', CommandTimeout='30']
      SELECT COUNT(*)
      FROM [JobPostings] AS [j]
info: Microsoft.EntityFrameworkCore.Database.Command[20101]
      Executed DbCommand (1ms) [Parameters=[@role='?' (DbType = Int32), @code='?' (Size = 150)], CommandType='Text', CommandTimeout='30']
      SELECT CASE
          WHEN EXISTS (
              SELECT 1
              FROM [RolePermissions] AS [r]
              INNER JOIN [Permissions] AS [p] ON [r].[PermissionId] = [p].[Id]
              WHERE [r].[Role] = @role AND [p].[Code] = @code) THEN CAST(1 AS bit)
          ELSE CAST(0 AS bit)
      END
info: Microsoft.EntityFrameworkCore.Database.Command[20101]
      Executed DbCommand (4ms) [Parameters=[], CommandType='Text', CommandTimeout='30']
      SELECT [o].[Id], [o].[Name], [o].[Code], [o].[IsActive]
      FROM [Organizations] AS [o]
      ORDER BY [o].[Name]
info: Microsoft.EntityFrameworkCore.Database.Command[20101]
      Executed DbCommand (10ms) [Parameters=[@role='?' (DbType = Int32), @p='?' (DbType = Int32), @p2='?' (DbType = Int32)], CommandType='Text', CommandTimeout='30']
      SELECT [u0].[Id] AS [UserId], [u0].[FirstName] + N' ' + [u0].[LastName] AS [FullName], [u0].[Email], CASE
          WHEN [u0].[Role] = 3 THEN N'Admin'
          ELSE CASE [u0].[Role]
              WHEN 1 THEN N'Candidate'
              WHEN 2 THEN N'Recruiter'
              WHEN 3 THEN N'Administrator'
              WHEN 4 THEN N'HiringManager'
              ELSE CAST([u0].[Role] AS nvarchar(max))
          END
      END AS [Role], CASE
          WHEN [u0].[IsActive] = CAST(1 AS bit) THEN N'Active'
          ELSE N'Inactive'
      END AS [Status], CASE
          WHEN [r].[Id] IS NOT NULL THEN [o].[Name]
          WHEN [h].[Id] IS NOT NULL THEN [o0].[Name]
      END AS [OrganizationName], CASE
          WHEN [h].[Id] IS NOT NULL AND [d].[Id] IS NOT NULL THEN [d].[Name]
      END AS [DepartmentName], [u0].[CreatedAt]
      FROM (
          SELECT [u].[Id], [u].[CreatedAt], [u].[Email], [u].[FirstName], [u].[IsActive], [u].[LastName], [u].[Role]
          FROM [Users] AS [u]
          WHERE [u].[Role] = @role
          ORDER BY [u].[CreatedAt] DESC
          OFFSET @p ROWS FETCH NEXT @p2 ROWS ONLY
      ) AS [u0]
      LEFT JOIN [RecruiterProfiles] AS [r] ON [u0].[Id] = [r].[UserId]
      LEFT JOIN [Organizations] AS [o] ON [r].[OrganizationId] = [o].[Id]
      LEFT JOIN [HiringManagerProfiles] AS [h] ON [u0].[Id] = [h].[UserId]
      LEFT JOIN [Organizations] AS [o0] ON [h].[OrganizationId] = [o0].[Id]
      LEFT JOIN [Departments] AS [d] ON [h].[DepartmentId] = [d].[Id]
      ORDER BY [u0].[CreatedAt] DESC
info: Microsoft.EntityFrameworkCore.Database.Command[20101]
      Executed DbCommand (15ms) [Parameters=[@p='?' (DbType = Int32), @p1='?' (DbType = Int32)], CommandType='Text', CommandTimeout='30']
      SELECT [j0].[Id], [j0].[Title], [j0].[OrganizationId], [o].[Name], [j0].[DepartmentId], [d].[Name], [r].[UserId], [u].[FirstName] + N' ' + [u].[LastName], CASE [j0].[Status]
          WHEN 1 THEN N'Draft'
          WHEN 2 THEN N'Published'
          WHEN 3 THEN N'Paused'
          WHEN 4 THEN N'Closed'
          WHEN 5 THEN N'Archived'
          ELSE CAST([j0].[Status] AS nvarchar(max))
      END, [j0].[EmploymentType], [j0].[WorkplaceType], [j0].[Location], (
          SELECT COUNT(*)
          FROM [JobApplications] AS [j1]
          WHERE [j0].[Id] = [j1].[JobPostingId]), [j0].[IsFeatured], [j0].[PublishedAt], [j0].[ClosingAt], [j0].[CreatedAt]
      FROM (
          SELECT [j].[Id], [j].[ClosingAt], [j].[CreatedAt], [j].[DepartmentId], [j].[EmploymentType], [j].[IsFeatured], [j].[Location], [j].[OrganizationId], [j].[PublishedAt], [j].[RecruiterProfileId], [j].[Status], [j].[Title], [j].[WorkplaceType]
          FROM [JobPostings] AS [j]
          ORDER BY [j].[CreatedAt] DESC
          OFFSET @p ROWS FETCH NEXT @p1 ROWS ONLY
      ) AS [j0]
      INNER JOIN [Organizations] AS [o] ON [j0].[OrganizationId] = [o].[Id]
      INNER JOIN [Departments] AS [d] ON [j0].[DepartmentId] = [d].[Id]
      INNER JOIN [RecruiterProfiles] AS [r] ON [j0].[RecruiterProfileId] = [r].[Id]
      INNER JOIN [Users] AS [u] ON [r].[UserId] = [u].[Id]
      ORDER BY [j0].[CreatedAt] DESC
info: Microsoft.EntityFrameworkCore.Database.Command[20101]
      Executed DbCommand (0ms) [Parameters=[@role='?' (DbType = Int32), @code='?' (Size = 150)], CommandType='Text', CommandTimeout='30']
      SELECT CASE
          WHEN EXISTS (
              SELECT 1
              FROM [RolePermissions] AS [r]
              INNER JOIN [Permissions] AS [p] ON [r].[PermissionId] = [p].[Id]
              WHERE [r].[Role] = @role AND [p].[Code] = @code) THEN CAST(1 AS bit)
          ELSE CAST(0 AS bit)
      END
info: Microsoft.EntityFrameworkCore.Database.Command[20101]
      Executed DbCommand (1ms) [Parameters=[@role='?' (DbType = Int32)], CommandType='Text', CommandTimeout='30']
      SELECT COUNT(*)
      FROM [Users] AS [u]
      WHERE [u].[Role] = @role
info: Microsoft.EntityFrameworkCore.Database.Command[20101]
      Executed DbCommand (0ms) [Parameters=[@role='?' (DbType = Int32), @code='?' (Size = 150)], CommandType='Text', CommandTimeout='30']
      SELECT CASE
          WHEN EXISTS (
              SELECT 1
              FROM [RolePermissions] AS [r]
              INNER JOIN [Permissions] AS [p] ON [r].[PermissionId] = [p].[Id]
              WHERE [r].[Role] = @role AND [p].[Code] = @code) THEN CAST(1 AS bit)
          ELSE CAST(0 AS bit)
      END
info: Microsoft.EntityFrameworkCore.Database.Command[20101]
      Executed DbCommand (1ms) [Parameters=[@role='?' (DbType = Int32), @p='?' (DbType = Int32), @p2='?' (DbType = Int32)], CommandType='Text', CommandTimeout='30']
      SELECT [u0].[Id] AS [UserId], [u0].[FirstName] + N' ' + [u0].[LastName] AS [FullName], [u0].[Email], CASE
          WHEN [u0].[Role] = 3 THEN N'Admin'
          ELSE CASE [u0].[Role]
              WHEN 1 THEN N'Candidate'
              WHEN 2 THEN N'Recruiter'
              WHEN 3 THEN N'Administrator'
              WHEN 4 THEN N'HiringManager'
              ELSE CAST([u0].[Role] AS nvarchar(max))
          END
      END AS [Role], CASE
          WHEN [u0].[IsActive] = CAST(1 AS bit) THEN N'Active'
          ELSE N'Inactive'
      END AS [Status], CASE
          WHEN [r].[Id] IS NOT NULL THEN [o].[Name]
          WHEN [h].[Id] IS NOT NULL THEN [o0].[Name]
      END AS [OrganizationName], CASE
          WHEN [h].[Id] IS NOT NULL AND [d].[Id] IS NOT NULL THEN [d].[Name]
      END AS [DepartmentName], [u0].[CreatedAt]
      FROM (
          SELECT [u].[Id], [u].[CreatedAt], [u].[Email], [u].[FirstName], [u].[IsActive], [u].[LastName], [u].[Role]
          FROM [Users] AS [u]
          WHERE [u].[Role] = @role
          ORDER BY [u].[CreatedAt] DESC
          OFFSET @p ROWS FETCH NEXT @p2 ROWS ONLY
      ) AS [u0]
      LEFT JOIN [RecruiterProfiles] AS [r] ON [u0].[Id] = [r].[UserId]
      LEFT JOIN [Organizations] AS [o] ON [r].[OrganizationId] = [o].[Id]
      LEFT JOIN [HiringManagerProfiles] AS [h] ON [u0].[Id] = [h].[UserId]
      LEFT JOIN [Organizations] AS [o0] ON [h].[OrganizationId] = [o0].[Id]
      LEFT JOIN [Departments] AS [d] ON [h].[DepartmentId] = [d].[Id]
      ORDER BY [u0].[CreatedAt] DESC
info: Microsoft.EntityFrameworkCore.Database.Command[20101]
      Executed DbCommand (0ms) [Parameters=[], CommandType='Text', CommandTimeout='30']
      SELECT COUNT(*)
      FROM [JobPostings] AS [j]
info: Microsoft.EntityFrameworkCore.Database.Command[20101]
      Executed DbCommand (1ms) [Parameters=[@p='?' (DbType = Int32), @p1='?' (DbType = Int32)], CommandType='Text', CommandTimeout='30']
      SELECT [j0].[Id], [j0].[Title], [j0].[OrganizationId], [o].[Name], [j0].[DepartmentId], [d].[Name], [r].[UserId], [u].[FirstName] + N' ' + [u].[LastName], CASE [j0].[Status]
          WHEN 1 THEN N'Draft'
          WHEN 2 THEN N'Published'
          WHEN 3 THEN N'Paused'
          WHEN 4 THEN N'Closed'
          WHEN 5 THEN N'Archived'
          ELSE CAST([j0].[Status] AS nvarchar(max))
      END, [j0].[EmploymentType], [j0].[WorkplaceType], [j0].[Location], (
          SELECT COUNT(*)
          FROM [JobApplications] AS [j1]
          WHERE [j0].[Id] = [j1].[JobPostingId]), [j0].[IsFeatured], [j0].[PublishedAt], [j0].[ClosingAt], [j0].[CreatedAt]
      FROM (
          SELECT [j].[Id], [j].[ClosingAt], [j].[CreatedAt], [j].[DepartmentId], [j].[EmploymentType], [j].[IsFeatured], [j].[Location], [j].[OrganizationId], [j].[PublishedAt], [j].[RecruiterProfileId], [j].[Status], [j].[Title], [j].[WorkplaceType]
          FROM [JobPostings] AS [j]
          ORDER BY [j].[CreatedAt] DESC
          OFFSET @p ROWS FETCH NEXT @p1 ROWS ONLY
      ) AS [j0]
      INNER JOIN [Organizations] AS [o] ON [j0].[OrganizationId] = [o].[Id]
      INNER JOIN [Departments] AS [d] ON [j0].[DepartmentId] = [d].[Id]
      INNER JOIN [RecruiterProfiles] AS [r] ON [j0].[RecruiterProfileId] = [r].[Id]
      INNER JOIN [Users] AS [u] ON [r].[UserId] = [u].[Id]
      ORDER BY [j0].[CreatedAt] DESC
info: Microsoft.EntityFrameworkCore.Database.Command[20101]
      Executed DbCommand (1ms) [Parameters=[@userId='?' (DbType = Int32)], CommandType='Text', CommandTimeout='30']
      SELECT TOP(2) [u].[Id], [u].[ApplicationStatusNotifications], [u].[CreatedAt], [u].[Email], [u].[EmailNotifications], [u].[FirstName], [u].[InterviewReminders], [u].[IsActive], [u].[JobRecommendationNotifications], [u].[LastName], [u].[PasswordHash], [u].[Role], [u].[UpdatedAt]
      FROM [Users] AS [u]
      WHERE [u].[Id] = @userId
info: Microsoft.EntityFrameworkCore.Database.Command[20101]
      Executed DbCommand (0ms) [Parameters=[@userId='?' (DbType = Int32)], CommandType='Text', CommandTimeout='30']
      SELECT TOP(2) [u].[Id], [u].[ApplicationStatusNotifications], [u].[CreatedAt], [u].[Email], [u].[EmailNotifications], [u].[FirstName], [u].[InterviewReminders], [u].[IsActive], [u].[JobRecommendationNotifications], [u].[LastName], [u].[PasswordHash], [u].[Role], [u].[UpdatedAt]
      FROM [Users] AS [u]
      WHERE [u].[Id] = @userId
info: Microsoft.EntityFrameworkCore.Database.Command[20101]
      Executed DbCommand (0ms) [Parameters=[@role='?' (DbType = Int32), @code='?' (Size = 150)], CommandType='Text', CommandTimeout='30']
      SELECT CASE
          WHEN EXISTS (
              SELECT 1
              FROM [RolePermissions] AS [r]
              INNER JOIN [Permissions] AS [p] ON [r].[PermissionId] = [p].[Id]
              WHERE [r].[Role] = @role AND [p].[Code] = @code) THEN CAST(1 AS bit)
          ELSE CAST(0 AS bit)
      END
info: Microsoft.EntityFrameworkCore.Database.Command[20101]
      Executed DbCommand (0ms) [Parameters=[@role='?' (DbType = Int32), @code='?' (Size = 150)], CommandType='Text', CommandTimeout='30']
      SELECT CASE
          WHEN EXISTS (
              SELECT 1
              FROM [RolePermissions] AS [r]
              INNER JOIN [Permissions] AS [p] ON [r].[PermissionId] = [p].[Id]
              WHERE [r].[Role] = @role AND [p].[Code] = @code) THEN CAST(1 AS bit)
          ELSE CAST(0 AS bit)
      END
info: Microsoft.EntityFrameworkCore.Database.Command[20101]
      Executed DbCommand (0ms) [Parameters=[@role='?' (DbType = Int32), @code='?' (Size = 150)], CommandType='Text', CommandTimeout='30']
      SELECT CASE
          WHEN EXISTS (
              SELECT 1
              FROM [RolePermissions] AS [r]
              INNER JOIN [Permissions] AS [p] ON [r].[PermissionId] = [p].[Id]
              WHERE [r].[Role] = @role AND [p].[Code] = @code) THEN CAST(1 AS bit)
          ELSE CAST(0 AS bit)
      END
info: Microsoft.EntityFrameworkCore.Database.Command[20101]
      Executed DbCommand (1ms) [Parameters=[@role='?' (DbType = Int32), @code='?' (Size = 150)], CommandType='Text', CommandTimeout='30']
      SELECT CASE
          WHEN EXISTS (
              SELECT 1
              FROM [RolePermissions] AS [r]
              INNER JOIN [Permissions] AS [p] ON [r].[PermissionId] = [p].[Id]
              WHERE [r].[Role] = @role AND [p].[Code] = @code) THEN CAST(1 AS bit)
          ELSE CAST(0 AS bit)
      END
info: Microsoft.EntityFrameworkCore.Database.Command[20101]
      Executed DbCommand (1ms) [Parameters=[@role='?' (DbType = Int32), @code='?' (Size = 150)], CommandType='Text', CommandTimeout='30']
      SELECT CASE
          WHEN EXISTS (
              SELECT 1
              FROM [RolePermissions] AS [r]
              INNER JOIN [Permissions] AS [p] ON [r].[PermissionId] = [p].[Id]
              WHERE [r].[Role] = @role AND [p].[Code] = @code) THEN CAST(1 AS bit)
          ELSE CAST(0 AS bit)
      END
info: Microsoft.EntityFrameworkCore.Database.Command[20101]
      Executed DbCommand (1ms) [Parameters=[@role='?' (DbType = Int32), @code='?' (Size = 150)], CommandType='Text', CommandTimeout='30']
      SELECT CASE
          WHEN EXISTS (
              SELECT 1
              FROM [RolePermissions] AS [r]
              INNER JOIN [Permissions] AS [p] ON [r].[PermissionId] = [p].[Id]
              WHERE [r].[Role] = @role AND [p].[Code] = @code) THEN CAST(1 AS bit)
          ELSE CAST(0 AS bit)
      END
info: Microsoft.EntityFrameworkCore.Database.Command[20101]
      Executed DbCommand (1ms) [Parameters=[@role='?' (DbType = Int32)], CommandType='Text', CommandTimeout='30']
      SELECT COUNT(*)
      FROM [Users] AS [u]
      WHERE [u].[Role] = @role
info: Microsoft.EntityFrameworkCore.Database.Command[20101]
      Executed DbCommand (1ms) [Parameters=[], CommandType='Text', CommandTimeout='30']
      SELECT COUNT(*)
      FROM [JobPostings] AS [j]
info: Microsoft.EntityFrameworkCore.Database.Command[20101]
      Executed DbCommand (2ms) [Parameters=[], CommandType='Text', CommandTimeout='30']
      SELECT [o].[Id], [o].[Name], [o].[Code], [o].[IsActive]
      FROM [Organizations] AS [o]
      ORDER BY [o].[Name]
info: Microsoft.EntityFrameworkCore.Database.Command[20101]
      Executed DbCommand (1ms) [Parameters=[@f_From='?' (DbType = DateTime2), @f_To='?' (DbType = DateTime2), @f_From3='?' (DbType = DateTime2), @f_To4='?' (DbType = DateTime2)], CommandType='Text', CommandTimeout='30']
      SELECT [a].[DecidedAt], [j1].[AppliedAt]
      FROM [ApplicationHiringDecisions] AS [a]
      INNER JOIN [JobApplications] AS [j1] ON [a].[JobApplicationId] = [j1].[Id]
      WHERE [a].[JobApplicationId] IN (
          SELECT [j].[Id]
          FROM [JobApplications] AS [j]
          WHERE [j].[JobPostingId] IN (
              SELECT [j0].[Id]
              FROM [JobPostings] AS [j0]
          ) AND [j].[AppliedAt] >= @f_From AND [j].[AppliedAt] <= @f_To
      ) AND [a].[Decision] = 2 AND [a].[DecidedAt] >= @f_From3 AND [a].[DecidedAt] <= @f_To4 AND [a].[DecidedAt] >= [j1].[AppliedAt]
info: Microsoft.EntityFrameworkCore.Database.Command[20101]
      Executed DbCommand (1ms) [Parameters=[@f_From='?' (DbType = DateTime2), @f_To='?' (DbType = DateTime2)], CommandType='Text', CommandTimeout='30']
      SELECT COUNT(*)
      FROM [JobApplications] AS [j]
      WHERE [j].[JobPostingId] IN (
          SELECT [j0].[Id]
          FROM [JobPostings] AS [j0]
      ) AND [j].[AppliedAt] >= @f_From AND [j].[AppliedAt] <= @f_To
info: Microsoft.EntityFrameworkCore.Database.Command[20101]
      Executed DbCommand (5ms) [Parameters=[@f_From='?' (DbType = DateTime2), @f_To='?' (DbType = DateTime2)], CommandType='Text', CommandTimeout='30']
      SELECT [j0].[Year], [j0].[Month], COUNT(*) AS [N]
      FROM (
          SELECT DATEPART(year, [j].[PublishedAt]) AS [Year], DATEPART(month, [j].[PublishedAt]) AS [Month]
          FROM [JobPostings] AS [j]
          WHERE [j].[PublishedAt] >= @f_From AND [j].[PublishedAt] <= @f_To
      ) AS [j0]
      GROUP BY [j0].[Year], [j0].[Month]
info: Microsoft.EntityFrameworkCore.Database.Command[20101]
      Executed DbCommand (1ms) [Parameters=[@f_From='?' (DbType = DateTime2), @f_To='?' (DbType = DateTime2), @f_From3='?' (DbType = DateTime2), @f_To4='?' (DbType = DateTime2)], CommandType='Text', CommandTimeout='30']
      SELECT COUNT(*)
      FROM [ApplicationHiringDecisions] AS [a]
      WHERE [a].[JobApplicationId] IN (
          SELECT [j].[Id]
          FROM [JobApplications] AS [j]
          WHERE [j].[JobPostingId] IN (
              SELECT [j0].[Id]
              FROM [JobPostings] AS [j0]
          ) AND [j].[AppliedAt] >= @f_From AND [j].[AppliedAt] <= @f_To
      ) AND [a].[Decision] = 2 AND [a].[DecidedAt] >= @f_From3 AND [a].[DecidedAt] <= @f_To4
info: Microsoft.EntityFrameworkCore.Database.Command[20101]
      Executed DbCommand (2ms) [Parameters=[@p='?' (DbType = Int32), @p1='?' (DbType = Int32)], CommandType='Text', CommandTimeout='30']
      SELECT [j0].[Id], [j0].[Title], [j0].[OrganizationId], [o].[Name], [j0].[DepartmentId], [d].[Name], [r].[UserId], [u].[FirstName] + N' ' + [u].[LastName], CASE [j0].[Status]
          WHEN 1 THEN N'Draft'
          WHEN 2 THEN N'Published'
          WHEN 3 THEN N'Paused'
          WHEN 4 THEN N'Closed'
          WHEN 5 THEN N'Archived'
          ELSE CAST([j0].[Status] AS nvarchar(max))
      END, [j0].[EmploymentType], [j0].[WorkplaceType], [j0].[Location], (
          SELECT COUNT(*)
          FROM [JobApplications] AS [j1]
          WHERE [j0].[Id] = [j1].[JobPostingId]), [j0].[IsFeatured], [j0].[PublishedAt], [j0].[ClosingAt], [j0].[CreatedAt]
      FROM (
          SELECT [j].[Id], [j].[ClosingAt], [j].[CreatedAt], [j].[DepartmentId], [j].[EmploymentType], [j].[IsFeatured], [j].[Location], [j].[OrganizationId], [j].[PublishedAt], [j].[RecruiterProfileId], [j].[Status], [j].[Title], [j].[WorkplaceType]
          FROM [JobPostings] AS [j]
          ORDER BY [j].[CreatedAt] DESC
          OFFSET @p ROWS FETCH NEXT @p1 ROWS ONLY
      ) AS [j0]
      INNER JOIN [Organizations] AS [o] ON [j0].[OrganizationId] = [o].[Id]
      INNER JOIN [Departments] AS [d] ON [j0].[DepartmentId] = [d].[Id]
      INNER JOIN [RecruiterProfiles] AS [r] ON [j0].[RecruiterProfileId] = [r].[Id]
      INNER JOIN [Users] AS [u] ON [r].[UserId] = [u].[Id]
      ORDER BY [j0].[CreatedAt] DESC
info: Microsoft.EntityFrameworkCore.Database.Command[20101]
      Executed DbCommand (5ms) [Parameters=[@f_From='?' (DbType = DateTime2), @f_To='?' (DbType = DateTime2)], CommandType='Text', CommandTimeout='30']
      SELECT [u0].[Year], [u0].[Month], COUNT(CASE
          WHEN [u0].[Role] = 1 THEN 1
      END) AS [C], COUNT(CASE
          WHEN [u0].[Role] = 2 THEN 1
      END) AS [R], COUNT(CASE
          WHEN [u0].[Role] = 4 THEN 1
      END) AS [H], COUNT(CASE
          WHEN [u0].[Role] = 3 THEN 1
      END) AS [A]
      FROM (
          SELECT [u].[Role], DATEPART(year, [u].[CreatedAt]) AS [Year], DATEPART(month, [u].[CreatedAt]) AS [Month]
          FROM [Users] AS [u]
          WHERE [u].[CreatedAt] >= @f_From AND [u].[CreatedAt] <= @f_To
      ) AS [u0]
      GROUP BY [u0].[Year], [u0].[Month]
info: Microsoft.EntityFrameworkCore.Database.Command[20101]
      Executed DbCommand (1ms) [Parameters=[@f_From='?' (DbType = DateTime2), @f_To='?' (DbType = DateTime2), @f_From3='?' (DbType = DateTime2), @f_To4='?' (DbType = DateTime2)], CommandType='Text', CommandTimeout='30']
      SELECT COUNT(*)
      FROM [CandidateEvaluations] AS [c]
      WHERE [c].[JobApplicationId] IN (
          SELECT [j].[Id]
          FROM [JobApplications] AS [j]
          WHERE [j].[JobPostingId] IN (
              SELECT [j0].[Id]
              FROM [JobPostings] AS [j0]
          ) AND [j].[AppliedAt] >= @f_From AND [j].[AppliedAt] <= @f_To
      ) AND [c].[CreatedAt] >= @f_From3 AND [c].[CreatedAt] <= @f_To4
info: Microsoft.EntityFrameworkCore.Database.Command[20101]
      Executed DbCommand (1ms) [Parameters=[@f_From='?' (DbType = DateTime2), @f_To='?' (DbType = DateTime2), @f_From3='?' (DbType = DateTime2), @f_To4='?' (DbType = DateTime2)], CommandType='Text', CommandTimeout='30']
      SELECT AVG([c].[OverallScore])
      FROM [CandidateEvaluations] AS [c]
      WHERE [c].[JobApplicationId] IN (
          SELECT [j].[Id]
          FROM [JobApplications] AS [j]
          WHERE [j].[JobPostingId] IN (
              SELECT [j0].[Id]
              FROM [JobPostings] AS [j0]
          ) AND [j].[AppliedAt] >= @f_From AND [j].[AppliedAt] <= @f_To
      ) AND [c].[CreatedAt] >= @f_From3 AND [c].[CreatedAt] <= @f_To4
info: Microsoft.EntityFrameworkCore.Database.Command[20101]
      Executed DbCommand (1ms) [Parameters=[], CommandType='Text', CommandTimeout='30']
      SELECT COUNT(*)
      FROM [Users] AS [u]
      WHERE [u].[IsActive] = CAST(1 AS bit)
info: Microsoft.EntityFrameworkCore.Database.Command[20101]
      Executed DbCommand (1ms) [Parameters=[@role='?' (DbType = Int32), @code='?' (Size = 150)], CommandType='Text', CommandTimeout='30']
      SELECT CASE
          WHEN EXISTS (
              SELECT 1
              FROM [RolePermissions] AS [r]
              INNER JOIN [Permissions] AS [p] ON [r].[PermissionId] = [p].[Id]
              WHERE [r].[Role] = @role AND [p].[Code] = @code) THEN CAST(1 AS bit)
          ELSE CAST(0 AS bit)
      END
info: Microsoft.EntityFrameworkCore.Database.Command[20101]
      Executed DbCommand (1ms) [Parameters=[@role='?' (DbType = Int32), @p='?' (DbType = Int32), @p2='?' (DbType = Int32)], CommandType='Text', CommandTimeout='30']
      SELECT [u0].[Id] AS [UserId], [u0].[FirstName] + N' ' + [u0].[LastName] AS [FullName], [u0].[Email], CASE
          WHEN [u0].[Role] = 3 THEN N'Admin'
          ELSE CASE [u0].[Role]
              WHEN 1 THEN N'Candidate'
              WHEN 2 THEN N'Recruiter'
              WHEN 3 THEN N'Administrator'
              WHEN 4 THEN N'HiringManager'
              ELSE CAST([u0].[Role] AS nvarchar(max))
          END
      END AS [Role], CASE
          WHEN [u0].[IsActive] = CAST(1 AS bit) THEN N'Active'
          ELSE N'Inactive'
      END AS [Status], CASE
          WHEN [r].[Id] IS NOT NULL THEN [o].[Name]
          WHEN [h].[Id] IS NOT NULL THEN [o0].[Name]
      END AS [OrganizationName], CASE
          WHEN [h].[Id] IS NOT NULL AND [d].[Id] IS NOT NULL THEN [d].[Name]
      END AS [DepartmentName], [u0].[CreatedAt]
      FROM (
          SELECT [u].[Id], [u].[CreatedAt], [u].[Email], [u].[FirstName], [u].[IsActive], [u].[LastName], [u].[Role]
          FROM [Users] AS [u]
          WHERE [u].[Role] = @role
          ORDER BY [u].[CreatedAt] DESC
          OFFSET @p ROWS FETCH NEXT @p2 ROWS ONLY
      ) AS [u0]
      LEFT JOIN [RecruiterProfiles] AS [r] ON [u0].[Id] = [r].[UserId]
      LEFT JOIN [Organizations] AS [o] ON [r].[OrganizationId] = [o].[Id]
      LEFT JOIN [HiringManagerProfiles] AS [h] ON [u0].[Id] = [h].[UserId]
      LEFT JOIN [Organizations] AS [o0] ON [h].[OrganizationId] = [o0].[Id]
      LEFT JOIN [Departments] AS [d] ON [h].[DepartmentId] = [d].[Id]
      ORDER BY [u0].[CreatedAt] DESC
info: Microsoft.EntityFrameworkCore.Database.Command[20101]
      Executed DbCommand (1ms) [Parameters=[@role='?' (DbType = Int32), @code='?' (Size = 150)], CommandType='Text', CommandTimeout='30']
      SELECT CASE
          WHEN EXISTS (
              SELECT 1
              FROM [RolePermissions] AS [r]
              INNER JOIN [Permissions] AS [p] ON [r].[PermissionId] = [p].[Id]
              WHERE [r].[Role] = @role AND [p].[Code] = @code) THEN CAST(1 AS bit)
          ELSE CAST(0 AS bit)
      END
info: Microsoft.EntityFrameworkCore.Database.Command[20101]
      Executed DbCommand (3ms) [Parameters=[@f_From='?' (DbType = DateTime2), @f_To='?' (DbType = DateTime2)], CommandType='Text', CommandTimeout='30']
      SELECT COUNT(*)
      FROM [Users] AS [u]
      WHERE [u].[IsActive] = CAST(1 AS bit) AND [u].[CreatedAt] >= @f_From AND [u].[CreatedAt] <= @f_To
info: Microsoft.EntityFrameworkCore.Database.Command[20101]
      Executed DbCommand (1ms) [Parameters=[@f_From='?' (DbType = DateTime2), @f_To='?' (DbType = DateTime2)], CommandType='Text', CommandTimeout='30']
      SELECT COUNT(*)
      FROM [JobApplications] AS [j]
      WHERE [j].[JobPostingId] IN (
          SELECT [j0].[Id]
          FROM [JobPostings] AS [j0]
      ) AND [j].[AppliedAt] >= @f_From AND [j].[AppliedAt] <= @f_To
info: Microsoft.EntityFrameworkCore.Database.Command[20101]
      Executed DbCommand (1ms) [Parameters=[], CommandType='Text', CommandTimeout='30']
      SELECT COUNT(*)
      FROM [Organizations] AS [o]
      WHERE [o].[IsActive] = CAST(1 AS bit)
info: Microsoft.EntityFrameworkCore.Database.Command[20101]
      Executed DbCommand (0ms) [Parameters=[], CommandType='Text', CommandTimeout='30']
      SELECT COUNT(*)
      FROM [JobPostings] AS [j]
      WHERE [j].[Status] = 2 AND ([j].[ClosingAt] IS NULL OR [j].[ClosingAt] > GETUTCDATE())
info: Microsoft.EntityFrameworkCore.Database.Command[20101]
      Executed DbCommand (1ms) [Parameters=[@f_From='?' (DbType = DateTime2), @f_To='?' (DbType = DateTime2), @f_From3='?' (DbType = DateTime2), @f_To4='?' (DbType = DateTime2)], CommandType='Text', CommandTimeout='30']
      SELECT COUNT(*)
      FROM [Interviews] AS [i]
      WHERE [i].[JobApplicationId] IN (
          SELECT [j].[Id]
          FROM [JobApplications] AS [j]
          WHERE [j].[JobPostingId] IN (
              SELECT [j0].[Id]
              FROM [JobPostings] AS [j0]
          ) AND [j].[AppliedAt] >= @f_From AND [j].[AppliedAt] <= @f_To
      ) AND [i].[Status] = 2 AND [i].[ScheduledAt] >= @f_From3 AND [i].[ScheduledAt] <= @f_To4
info: Microsoft.EntityFrameworkCore.Database.Command[20101]
      Executed DbCommand (4ms) [Parameters=[@role='?' (DbType = Int32), @code='?' (Size = 150)], CommandType='Text', CommandTimeout='30']
      SELECT CASE
          WHEN EXISTS (
              SELECT 1
              FROM [RolePermissions] AS [r]
              INNER JOIN [Permissions] AS [p] ON [r].[PermissionId] = [p].[Id]
              WHERE [r].[Role] = @role AND [p].[Code] = @code) THEN CAST(1 AS bit)
          ELSE CAST(0 AS bit)
      END
info: Microsoft.EntityFrameworkCore.Database.Command[20101]
      Executed DbCommand (0ms) [Parameters=[@f_From='?' (DbType = DateTime2), @f_To='?' (DbType = DateTime2), @f_From3='?' (DbType = DateTime2), @f_To4='?' (DbType = DateTime2)], CommandType='Text', CommandTimeout='30']
      SELECT COUNT(*)
      FROM [ApplicationHiringDecisions] AS [a]
      WHERE [a].[JobApplicationId] IN (
          SELECT [j].[Id]
          FROM [JobApplications] AS [j]
          WHERE [j].[JobPostingId] IN (
              SELECT [j0].[Id]
              FROM [JobPostings] AS [j0]
          ) AND [j].[AppliedAt] >= @f_From AND [j].[AppliedAt] <= @f_To
      ) AND [a].[Decision] = 3 AND [a].[DecidedAt] >= @f_From3 AND [a].[DecidedAt] <= @f_To4
info: Microsoft.EntityFrameworkCore.Database.Command[20101]
      Executed DbCommand (5ms) [Parameters=[@f_From='?' (DbType = DateTime2), @f_To='?' (DbType = DateTime2)], CommandType='Text', CommandTimeout='30']
      SELECT [j1].[Year], [j1].[Month], COUNT(*) AS [N]
      FROM (
          SELECT DATEPART(year, [j].[AppliedAt]) AS [Year], DATEPART(month, [j].[AppliedAt]) AS [Month]
          FROM [JobApplications] AS [j]
          WHERE [j].[JobPostingId] IN (
              SELECT [j0].[Id]
              FROM [JobPostings] AS [j0]
          ) AND [j].[AppliedAt] >= @f_From AND [j].[AppliedAt] <= @f_To
      ) AS [j1]
      GROUP BY [j1].[Year], [j1].[Month]
info: Microsoft.EntityFrameworkCore.Database.Command[20101]
      Executed DbCommand (1ms) [Parameters=[@role='?' (DbType = Int32), @code='?' (Size = 150)], CommandType='Text', CommandTimeout='30']
      SELECT CASE
          WHEN EXISTS (
              SELECT 1
              FROM [RolePermissions] AS [r]
              INNER JOIN [Permissions] AS [p] ON [r].[PermissionId] = [p].[Id]
              WHERE [r].[Role] = @role AND [p].[Code] = @code) THEN CAST(1 AS bit)
          ELSE CAST(0 AS bit)
      END
info: Microsoft.EntityFrameworkCore.Database.Command[20101]
      Executed DbCommand (1ms) [Parameters=[], CommandType='Text', CommandTimeout='30']
      SELECT COUNT(*)
      FROM [Organizations] AS [o]
      WHERE [o].[IsActive] = CAST(1 AS bit)
info: Microsoft.EntityFrameworkCore.Database.Command[20101]
      Executed DbCommand (1ms) [Parameters=[@role='?' (DbType = Int32), @code='?' (Size = 150)], CommandType='Text', CommandTimeout='30']
      SELECT CASE
          WHEN EXISTS (
              SELECT 1
              FROM [RolePermissions] AS [r]
              INNER JOIN [Permissions] AS [p] ON [r].[PermissionId] = [p].[Id]
              WHERE [r].[Role] = @role AND [p].[Code] = @code) THEN CAST(1 AS bit)
          ELSE CAST(0 AS bit)
      END
info: Microsoft.EntityFrameworkCore.Database.Command[20101]
      Executed DbCommand (0ms) [Parameters=[], CommandType='Text', CommandTimeout='30']
      SELECT COUNT(*)
      FROM [JobPostings] AS [j]
info: Microsoft.EntityFrameworkCore.Database.Command[20101]
      Executed DbCommand (4ms) [Parameters=[@role='?' (DbType = Int32), @code='?' (Size = 150)], CommandType='Text', CommandTimeout='30']
      SELECT CASE
          WHEN EXISTS (
              SELECT 1
              FROM [RolePermissions] AS [r]
              INNER JOIN [Permissions] AS [p] ON [r].[PermissionId] = [p].[Id]
              WHERE [r].[Role] = @role AND [p].[Code] = @code) THEN CAST(1 AS bit)
          ELSE CAST(0 AS bit)
      END
info: Microsoft.EntityFrameworkCore.Database.Command[20101]
      Executed DbCommand (2ms) [Parameters=[@role='?' (DbType = Int32), @code='?' (Size = 150)], CommandType='Text', CommandTimeout='30']
      SELECT CASE
          WHEN EXISTS (
              SELECT 1
              FROM [RolePermissions] AS [r]
              INNER JOIN [Permissions] AS [p] ON [r].[PermissionId] = [p].[Id]
              WHERE [r].[Role] = @role AND [p].[Code] = @code) THEN CAST(1 AS bit)
          ELSE CAST(0 AS bit)
      END
info: Microsoft.EntityFrameworkCore.Database.Command[20101]
      Executed DbCommand (1ms) [Parameters=[], CommandType='Text', CommandTimeout='30']
      SELECT [o].[Id], [o].[Name], [o].[Code], [o].[IsActive]
      FROM [Organizations] AS [o]
      ORDER BY [o].[Name]
info: Microsoft.EntityFrameworkCore.Database.Command[20101]
      Executed DbCommand (2ms) [Parameters=[@role='?' (DbType = Int32), @code='?' (Size = 150)], CommandType='Text', CommandTimeout='30']
      SELECT CASE
          WHEN EXISTS (
              SELECT 1
              FROM [RolePermissions] AS [r]
              INNER JOIN [Permissions] AS [p] ON [r].[PermissionId] = [p].[Id]
              WHERE [r].[Role] = @role AND [p].[Code] = @code) THEN CAST(1 AS bit)
          ELSE CAST(0 AS bit)
      END
info: Microsoft.EntityFrameworkCore.Database.Command[20101]
      Executed DbCommand (0ms) [Parameters=[], CommandType='Text', CommandTimeout='30']
      SELECT COUNT(*)
      FROM [JobPostings] AS [j]
info: Microsoft.EntityFrameworkCore.Database.Command[20101]
      Executed DbCommand (0ms) [Parameters=[@role='?' (DbType = Int32)], CommandType='Text', CommandTimeout='30']
      SELECT COUNT(*)
      FROM [Users] AS [u]
      WHERE [u].[Role] = @role
info: Microsoft.EntityFrameworkCore.Database.Command[20101]
      Executed DbCommand (1ms) [Parameters=[@p='?' (DbType = Int32), @p1='?' (DbType = Int32)], CommandType='Text', CommandTimeout='30']
      SELECT [j0].[Id], [j0].[Title], [j0].[OrganizationId], [o].[Name], [j0].[DepartmentId], [d].[Name], [r].[UserId], [u].[FirstName] + N' ' + [u].[LastName], CASE [j0].[Status]
          WHEN 1 THEN N'Draft'
          WHEN 2 THEN N'Published'
          WHEN 3 THEN N'Paused'
          WHEN 4 THEN N'Closed'
          WHEN 5 THEN N'Archived'
          ELSE CAST([j0].[Status] AS nvarchar(max))
      END, [j0].[EmploymentType], [j0].[WorkplaceType], [j0].[Location], (
          SELECT COUNT(*)
          FROM [JobApplications] AS [j1]
          WHERE [j0].[Id] = [j1].[JobPostingId]), [j0].[IsFeatured], [j0].[PublishedAt], [j0].[ClosingAt], [j0].[CreatedAt]
      FROM (
          SELECT [j].[Id], [j].[ClosingAt], [j].[CreatedAt], [j].[DepartmentId], [j].[EmploymentType], [j].[IsFeatured], [j].[Location], [j].[OrganizationId], [j].[PublishedAt], [j].[RecruiterProfileId], [j].[Status], [j].[Title], [j].[WorkplaceType]
          FROM [JobPostings] AS [j]
          ORDER BY [j].[CreatedAt] DESC
          OFFSET @p ROWS FETCH NEXT @p1 ROWS ONLY
      ) AS [j0]
      INNER JOIN [Organizations] AS [o] ON [j0].[OrganizationId] = [o].[Id]
      INNER JOIN [Departments] AS [d] ON [j0].[DepartmentId] = [d].[Id]
      INNER JOIN [RecruiterProfiles] AS [r] ON [j0].[RecruiterProfileId] = [r].[Id]
      INNER JOIN [Users] AS [u] ON [r].[UserId] = [u].[Id]
      ORDER BY [j0].[CreatedAt] DESC
info: Microsoft.EntityFrameworkCore.Database.Command[20101]
      Executed DbCommand (1ms) [Parameters=[@role='?' (DbType = Int32), @p='?' (DbType = Int32), @p2='?' (DbType = Int32)], CommandType='Text', CommandTimeout='30']
      SELECT [u0].[Id] AS [UserId], [u0].[FirstName] + N' ' + [u0].[LastName] AS [FullName], [u0].[Email], CASE
          WHEN [u0].[Role] = 3 THEN N'Admin'
          ELSE CASE [u0].[Role]
              WHEN 1 THEN N'Candidate'
              WHEN 2 THEN N'Recruiter'
              WHEN 3 THEN N'Administrator'
              WHEN 4 THEN N'HiringManager'
              ELSE CAST([u0].[Role] AS nvarchar(max))
          END
      END AS [Role], CASE
          WHEN [u0].[IsActive] = CAST(1 AS bit) THEN N'Active'
          ELSE N'Inactive'
      END AS [Status], CASE
          WHEN [r].[Id] IS NOT NULL THEN [o].[Name]
          WHEN [h].[Id] IS NOT NULL THEN [o0].[Name]
      END AS [OrganizationName], CASE
          WHEN [h].[Id] IS NOT NULL AND [d].[Id] IS NOT NULL THEN [d].[Name]
      END AS [DepartmentName], [u0].[CreatedAt]
      FROM (
          SELECT [u].[Id], [u].[CreatedAt], [u].[Email], [u].[FirstName], [u].[IsActive], [u].[LastName], [u].[Role]
          FROM [Users] AS [u]
          WHERE [u].[Role] = @role
          ORDER BY [u].[CreatedAt] DESC
          OFFSET @p ROWS FETCH NEXT @p2 ROWS ONLY
      ) AS [u0]
      LEFT JOIN [RecruiterProfiles] AS [r] ON [u0].[Id] = [r].[UserId]
      LEFT JOIN [Organizations] AS [o] ON [r].[OrganizationId] = [o].[Id]
      LEFT JOIN [HiringManagerProfiles] AS [h] ON [u0].[Id] = [h].[UserId]
      LEFT JOIN [Organizations] AS [o0] ON [h].[OrganizationId] = [o0].[Id]
      LEFT JOIN [Departments] AS [d] ON [h].[DepartmentId] = [d].[Id]
      ORDER BY [u0].[CreatedAt] DESC
fail: Microsoft.AspNetCore.Diagnostics.ExceptionHandlerMiddleware[1]
      An unhandled exception has occurred while executing the request.
      Microsoft.Data.SqlClient.SqlException (0x80131904): A severe error occurred on the current command.  The results, if any, should be discarded.
      Operation cancelled by user.
         at System.Threading.Tasks.ContinuationResultTaskFromResultTask`2.InnerInvoke()
         at System.Threading.ExecutionContext.RunInternal(ExecutionContext executionContext, ContextCallback callback, Object state)
      --- End of stack trace from previous location ---
         at System.Threading.ExecutionContext.RunInternal(ExecutionContext executionContext, ContextCallback callback, Object state)
         at System.Threading.Tasks.Task.ExecuteWithThreadLocal(Task& currentTaskSlot, Thread threadPoolThread)
      --- End of stack trace from previous location ---
         at Microsoft.EntityFrameworkCore.Storage.RelationalCommand.ExecuteReaderAsync(RelationalCommandParameterObject parameterObject, CancellationToken cancellationToken)
         at Microsoft.EntityFrameworkCore.Storage.RelationalCommand.ExecuteReaderAsync(RelationalCommandParameterObject parameterObject, CancellationToken cancellationToken)
         at Microsoft.EntityFrameworkCore.Query.Internal.SingleQueryingEnumerable`1.AsyncEnumerator.InitializeReaderAsync(AsyncEnumerator enumerator, CancellationToken cancellationToken)
         at Microsoft.EntityFrameworkCore.SqlServer.Storage.Internal.SqlServerExecutionStrategy.ExecuteAsync[TState,TResult](TState state, Func`4 operation, Func`4 verifySucceeded, CancellationToken cancellationToken)
         at Microsoft.EntityFrameworkCore.Query.Internal.SingleQueryingEnumerable`1.AsyncEnumerator.MoveNextAsync()
         at Microsoft.EntityFrameworkCore.EntityFrameworkQueryableExtensions.ToListAsync[TSource](IQueryable`1 source, CancellationToken cancellationToken)
         at Microsoft.EntityFrameworkCore.EntityFrameworkQueryableExtensions.ToListAsync[TSource](IQueryable`1 source, CancellationToken cancellationToken)
         at JobOrbit.Infrastructure.Persistence.Repositories.AdminReportRepository.TimeToHireAsync(AdminReportFilter f, CancellationToken t) in C:\Users\hesha\OneDrive\Desktop\JobOrbitAI\src\JobOrbit.Infrastructure\Persistence\Repositories\AdminReportRepository.cs:line 15
         at JobOrbit.API.Controllers.AdminReportsController.TimeToHire(AdminReportFilter f, CancellationToken t) in C:\Users\hesha\OneDrive\Desktop\JobOrbitAI\src\JobOrbit.API\Controllers\AdminReportsController.cs:line 11
         at Microsoft.AspNetCore.Mvc.Infrastructure.ActionMethodExecutor.TaskOfIActionResultExecutor.Execute(ActionContext actionContext, IActionResultTypeMapper mapper, ObjectMethodExecutor executor, Object controller, Object[] arguments)
         at Microsoft.AspNetCore.Mvc.Infrastructure.ControllerActionInvoker.<InvokeActionMethodAsync>g__Awaited|12_0(ControllerActionInvoker invoker, ValueTask`1 actionResultValueTask)
         at Microsoft.AspNetCore.Mvc.Infrastructure.ControllerActionInvoker.<InvokeNextActionFilterAsync>g__Awaited|10_0(ControllerActionInvoker invoker, Task lastTask, State next, Scope scope, Object state, Boolean isCompleted)
         at Microsoft.AspNetCore.Mvc.Infrastructure.ControllerActionInvoker.Rethrow(ActionExecutedContextSealed context)
         at Microsoft.AspNetCore.Mvc.Infrastructure.ControllerActionInvoker.Next(State& next, Scope& scope, Object& state, Boolean& isCompleted)
         at Microsoft.AspNetCore.Mvc.Infrastructure.ControllerActionInvoker.<InvokeInnerFilterAsync>g__Awaited|13_0(ControllerActionInvoker invoker, Task lastTask, State next, Scope scope, Object state, Boolean isCompleted)
         at Microsoft.AspNetCore.Mvc.Infrastructure.ResourceInvoker.<InvokeFilterPipelineAsync>g__Awaited|20_0(ResourceInvoker invoker, Task lastTask, State next, Scope scope, Object state, Boolean isCompleted)
         at Microsoft.AspNetCore.Mvc.Infrastructure.ResourceInvoker.<InvokeAsync>g__Awaited|17_0(ResourceInvoker invoker, Task task, IDisposable scope)
         at Microsoft.AspNetCore.Mvc.Infrastructure.ResourceInvoker.<InvokeAsync>g__Awaited|17_0(ResourceInvoker invoker, Task task, IDisposable scope)
         at Microsoft.AspNetCore.Authorization.AuthorizationMiddleware.Invoke(HttpContext context)
         at Microsoft.AspNetCore.Authentication.AuthenticationMiddleware.Invoke(HttpContext context)
         at Swashbuckle.AspNetCore.SwaggerUI.SwaggerUIMiddleware.Invoke(HttpContext httpContext)
         at Swashbuckle.AspNetCore.Swagger.SwaggerMiddleware.Invoke(HttpContext httpContext, ISwaggerProvider swaggerProvider)
         at Microsoft.AspNetCore.Diagnostics.ExceptionHandlerMiddlewareImpl.<Invoke>g__Awaited|10_0(ExceptionHandlerMiddlewareImpl middleware, HttpContext context, Task task)
      ClientConnectionId:1d4cda83-35b8-4d9d-acb6-29e1a670c73b
fail: Microsoft.AspNetCore.Diagnostics.ExceptionHandlerMiddleware[1]
      An unhandled exception has occurred while executing the request.
      Microsoft.Data.SqlClient.SqlException (0x80131904): A severe error occurred on the current command.  The results, if any, should be discarded.
      Operation cancelled by user.
         at System.Threading.Tasks.ContinuationResultTaskFromResultTask`2.InnerInvoke()
         at System.Threading.ExecutionContext.RunInternal(ExecutionContext executionContext, ContextCallback callback, Object state)
      --- End of stack trace from previous location ---
         at System.Threading.ExecutionContext.RunInternal(ExecutionContext executionContext, ContextCallback callback, Object state)
         at System.Threading.Tasks.Task.ExecuteWithThreadLocal(Task& currentTaskSlot, Thread threadPoolThread)
      --- End of stack trace from previous location ---
         at Microsoft.EntityFrameworkCore.Storage.RelationalCommand.ExecuteReaderAsync(RelationalCommandParameterObject parameterObject, CancellationToken cancellationToken)
         at Microsoft.EntityFrameworkCore.Storage.RelationalCommand.ExecuteReaderAsync(RelationalCommandParameterObject parameterObject, CancellationToken cancellationToken)
         at Microsoft.EntityFrameworkCore.Query.Internal.SingleQueryingEnumerable`1.AsyncEnumerator.InitializeReaderAsync(AsyncEnumerator enumerator, CancellationToken cancellationToken)
         at Microsoft.EntityFrameworkCore.SqlServer.Storage.Internal.SqlServerExecutionStrategy.ExecuteAsync[TState,TResult](TState state, Func`4 operation, Func`4 verifySucceeded, CancellationToken cancellationToken)
         at Microsoft.EntityFrameworkCore.Query.Internal.SingleQueryingEnumerable`1.AsyncEnumerator.MoveNextAsync()
         at Microsoft.EntityFrameworkCore.Query.ShapedQueryCompilingExpressionVisitor.SingleAsync[TSource](IAsyncEnumerable`1 asyncEnumerable, CancellationToken cancellationToken)
         at Microsoft.EntityFrameworkCore.Query.ShapedQueryCompilingExpressionVisitor.SingleAsync[TSource](IAsyncEnumerable`1 asyncEnumerable, CancellationToken cancellationToken)
         at JobOrbit.Infrastructure.Persistence.Repositories.AdminReportRepository.FunnelAsync(AdminReportFilter f, CancellationToken t) in C:\Users\hesha\OneDrive\Desktop\JobOrbitAI\src\JobOrbit.Infrastructure\Persistence\Repositories\AdminReportRepository.cs:line 12
         at JobOrbit.API.Controllers.AdminReportsController.Funnel(AdminReportFilter f, CancellationToken t) in C:\Users\hesha\OneDrive\Desktop\JobOrbitAI\src\JobOrbit.API\Controllers\AdminReportsController.cs:line 8
         at Microsoft.AspNetCore.Mvc.Infrastructure.ActionMethodExecutor.TaskOfIActionResultExecutor.Execute(ActionContext actionContext, IActionResultTypeMapper mapper, ObjectMethodExecutor executor, Object controller, Object[] arguments)
         at Microsoft.AspNetCore.Mvc.Infrastructure.ControllerActionInvoker.<InvokeActionMethodAsync>g__Awaited|12_0(ControllerActionInvoker invoker, ValueTask`1 actionResultValueTask)
         at Microsoft.AspNetCore.Mvc.Infrastructure.ControllerActionInvoker.<InvokeNextActionFilterAsync>g__Awaited|10_0(ControllerActionInvoker invoker, Task lastTask, State next, Scope scope, Object state, Boolean isCompleted)
         at Microsoft.AspNetCore.Mvc.Infrastructure.ControllerActionInvoker.Rethrow(ActionExecutedContextSealed context)
         at Microsoft.AspNetCore.Mvc.Infrastructure.ControllerActionInvoker.Next(State& next, Scope& scope, Object& state, Boolean& isCompleted)
         at Microsoft.AspNetCore.Mvc.Infrastructure.ControllerActionInvoker.<InvokeInnerFilterAsync>g__Awaited|13_0(ControllerActionInvoker invoker, Task lastTask, State next, Scope scope, Object state, Boolean isCompleted)
         at Microsoft.AspNetCore.Mvc.Infrastructure.ResourceInvoker.<InvokeFilterPipelineAsync>g__Awaited|20_0(ResourceInvoker invoker, Task lastTask, State next, Scope scope, Object state, Boolean isCompleted)
         at Microsoft.AspNetCore.Mvc.Infrastructure.ResourceInvoker.<InvokeAsync>g__Awaited|17_0(ResourceInvoker invoker, Task task, IDisposable scope)
         at Microsoft.AspNetCore.Mvc.Infrastructure.ResourceInvoker.<InvokeAsync>g__Awaited|17_0(ResourceInvoker invoker, Task task, IDisposable scope)
         at Microsoft.AspNetCore.Authorization.AuthorizationMiddleware.Invoke(HttpContext context)
         at Microsoft.AspNetCore.Authentication.AuthenticationMiddleware.Invoke(HttpContext context)
         at Swashbuckle.AspNetCore.SwaggerUI.SwaggerUIMiddleware.Invoke(HttpContext httpContext)
         at Swashbuckle.AspNetCore.Swagger.SwaggerMiddleware.Invoke(HttpContext httpContext, ISwaggerProvider swaggerProvider)
         at Microsoft.AspNetCore.Diagnostics.ExceptionHandlerMiddlewareImpl.<Invoke>g__Awaited|10_0(ExceptionHandlerMiddlewareImpl middleware, HttpContext context, Task task)
      ClientConnectionId:18f79746-3d60-46c3-9a0b-02ae29b65258
info: Microsoft.EntityFrameworkCore.Database.Command[20101]
      Executed DbCommand (1ms) [Parameters=[@userId='?' (DbType = Int32)], CommandType='Text', CommandTimeout='30']
      SELECT TOP(2) [u].[Id], [u].[ApplicationStatusNotifications], [u].[CreatedAt], [u].[Email], [u].[EmailNotifications], [u].[FirstName], [u].[InterviewReminders], [u].[IsActive], [u].[JobRecommendationNotifications], [u].[LastName], [u].[PasswordHash], [u].[Role], [u].[UpdatedAt]
      FROM [Users] AS [u]
      WHERE [u].[Id] = @userId
info: Microsoft.EntityFrameworkCore.Database.Command[20101]
      Executed DbCommand (1ms) [Parameters=[@userId='?' (DbType = Int32)], CommandType='Text', CommandTimeout='30']
      SELECT TOP(2) [u].[Id], [u].[ApplicationStatusNotifications], [u].[CreatedAt], [u].[Email], [u].[EmailNotifications], [u].[FirstName], [u].[InterviewReminders], [u].[IsActive], [u].[JobRecommendationNotifications], [u].[LastName], [u].[PasswordHash], [u].[Role], [u].[UpdatedAt]
      FROM [Users] AS [u]
      WHERE [u].[Id] = @userId
info: Microsoft.EntityFrameworkCore.Database.Command[20101]
      Executed DbCommand (0ms) [Parameters=[@userId='?' (DbType = Int32)], CommandType='Text', CommandTimeout='30']
      SELECT TOP(2) [u].[Id], [u].[ApplicationStatusNotifications], [u].[CreatedAt], [u].[Email], [u].[EmailNotifications], [u].[FirstName], [u].[InterviewReminders], [u].[IsActive], [u].[JobRecommendationNotifications], [u].[LastName], [u].[PasswordHash], [u].[Role], [u].[UpdatedAt]
      FROM [Users] AS [u]
      WHERE [u].[Id] = @userId
info: Microsoft.EntityFrameworkCore.Database.Command[20101]
      Executed DbCommand (0ms) [Parameters=[@userId='?' (DbType = Int32)], CommandType='Text', CommandTimeout='30']
      SELECT TOP(2) [u].[Id], [u].[ApplicationStatusNotifications], [u].[CreatedAt], [u].[Email], [u].[EmailNotifications], [u].[FirstName], [u].[InterviewReminders], [u].[IsActive], [u].[JobRecommendationNotifications], [u].[LastName], [u].[PasswordHash], [u].[Role], [u].[UpdatedAt]
      FROM [Users] AS [u]
      WHERE [u].[Id] = @userId
info: Microsoft.EntityFrameworkCore.Database.Command[20101]
      Executed DbCommand (2ms) [Parameters=[], CommandType='Text', CommandTimeout='30']
      SELECT COUNT(*)
      FROM [Users] AS [u]
info: Microsoft.EntityFrameworkCore.Database.Command[20101]
      Executed DbCommand (2ms) [Parameters=[], CommandType='Text', CommandTimeout='30']
      SELECT COUNT(*)
      FROM [Users] AS [u]
      WHERE [u].[Role] = 1
info: Microsoft.EntityFrameworkCore.Database.Command[20101]
      Executed DbCommand (5ms) [Parameters=[@f='?' (DbType = DateTime2), @to='?' (DbType = DateTime2)], CommandType='Text', CommandTimeout='30']
      SELECT [u0].[Year], [u0].[Month], COUNT(CASE
          WHEN [u0].[Role] = 1 THEN 1
      END) AS [Candidates], COUNT(CASE
          WHEN [u0].[Role] = 2 THEN 1
      END) AS [Recruiters], COUNT(CASE
          WHEN [u0].[Role] = 4 THEN 1
      END) AS [Managers], COUNT(CASE
          WHEN [u0].[Role] = 3 THEN 1
      END) AS [Admins]
      FROM (
          SELECT [u].[Role], DATEPART(year, [u].[CreatedAt]) AS [Year], DATEPART(month, [u].[CreatedAt]) AS [Month]
          FROM [Users] AS [u]
          WHERE [u].[CreatedAt] >= @f AND [u].[CreatedAt] <= @to
      ) AS [u0]
      GROUP BY [u0].[Year], [u0].[Month]
info: Microsoft.EntityFrameworkCore.Database.Command[20101]
      Executed DbCommand (1ms) [Parameters=[], CommandType='Text', CommandTimeout='30']
      SELECT COUNT(*)
      FROM [Users] AS [u]
      WHERE [u].[Role] = 2
info: Microsoft.EntityFrameworkCore.Database.Command[20101]
      Executed DbCommand (2ms) [Parameters=[], CommandType='Text', CommandTimeout='30']
      SELECT [j].[Status] AS [Key], COUNT(*) AS [Count]
      FROM [JobApplications] AS [j]
      GROUP BY [j].[Status]
info: Microsoft.EntityFrameworkCore.Database.Command[20101]
      Executed DbCommand (1ms) [Parameters=[], CommandType='Text', CommandTimeout='30']
      SELECT COUNT(*)
      FROM [Users] AS [u]
      WHERE [u].[Role] = 4
info: Microsoft.EntityFrameworkCore.Database.Command[20101]
      Executed DbCommand (0ms) [Parameters=[], CommandType='Text', CommandTimeout='30']
      SELECT COUNT(*)
      FROM [JobPostings] AS [j]
      WHERE [j].[Status] = 2 AND ([j].[ClosingAt] IS NULL OR [j].[ClosingAt] > GETUTCDATE())
info: Microsoft.EntityFrameworkCore.Database.Command[20101]
      Executed DbCommand (6ms) [Parameters=[@p='?' (DbType = Int32)], CommandType='Text', CommandTimeout='30']
      SELECT [a0].[Id] AS [ActivityId], [a0].[Action], COALESCE([a0].[Description], [a0].[Action] + N' on ' + [a0].[EntityName]) AS [Description], COALESCE([a0].[ActorNameSnapshot], CASE
          WHEN [u].[Id] IS NULL THEN N'System'
          ELSE COALESCE([u].[FirstName], N'') + N' ' + COALESCE([u].[LastName], N'')
      END) AS [ActorName], COALESCE([a0].[ActorRoleSnapshot], CASE
          WHEN [u].[Id] IS NULL THEN NULL
          ELSE CASE [u].[Role]
              WHEN 1 THEN N'Candidate'
              WHEN 2 THEN N'Recruiter'
              WHEN 3 THEN N'Administrator'
              WHEN 4 THEN N'HiringManager'
              ELSE ISNULL(CAST([u].[Role] AS nvarchar(max)), N'')
          END
      END) AS [ActorRole], [a0].[EntityName] AS [EntityType], CASE [a0].[Severity]
          WHEN 1 THEN N'Information'
          WHEN 2 THEN N'Warning'
          WHEN 3 THEN N'Critical'
          ELSE CAST([a0].[Severity] AS nvarchar(max))
      END AS [Severity], [a0].[CreatedAt] AS [OccurredAt]
      FROM (
          SELECT TOP(@p) [a].[Id], [a].[Action], [a].[ActorNameSnapshot], [a].[ActorRoleSnapshot], [a].[CreatedAt], [a].[Description], [a].[EntityName], [a].[Severity], [a].[UserId]
          FROM [AuditLogs] AS [a]
          ORDER BY [a].[CreatedAt] DESC
      ) AS [a0]
      LEFT JOIN [Users] AS [u] ON [a0].[UserId] = [u].[Id]
      ORDER BY [a0].[CreatedAt] DESC
info: Microsoft.EntityFrameworkCore.Database.Command[20101]
      Executed DbCommand (2ms) [Parameters=[], CommandType='Text', CommandTimeout='30']
      SELECT COUNT(*)
      FROM [JobApplications] AS [j]
info: Microsoft.EntityFrameworkCore.Database.Command[20101]
      Executed DbCommand (3ms) [Parameters=[@from='?' (DbType = DateTime2)], CommandType='Text', CommandTimeout='30']
      SELECT [j0].[Year], [j0].[Month], COUNT(*) AS [Count]
      FROM (
          SELECT DATEPART(year, [j].[AppliedAt]) AS [Year], DATEPART(month, [j].[AppliedAt]) AS [Month]
          FROM [JobApplications] AS [j]
          WHERE [j].[AppliedAt] >= @from
      ) AS [j0]
      GROUP BY [j0].[Year], [j0].[Month]
info: Microsoft.EntityFrameworkCore.Database.Command[20101]
      Executed DbCommand (0ms) [Parameters=[], CommandType='Text', CommandTimeout='30']
      SELECT COUNT(*)
      FROM [JobApplications] AS [j]
info: Microsoft.EntityFrameworkCore.Database.Command[20101]
      Executed DbCommand (2ms) [Parameters=[], CommandType='Text', CommandTimeout='30']
      SELECT COUNT(*)
      FROM [Interviews] AS [i]
      WHERE [i].[Status] <> 3
info: Microsoft.EntityFrameworkCore.Database.Command[20101]
      Executed DbCommand (11ms) [Parameters=[], CommandType='Text', CommandTimeout='30']
      SELECT 1
info: Microsoft.EntityFrameworkCore.Database.Command[20101]
      Executed DbCommand (2ms) [Parameters=[], CommandType='Text', CommandTimeout='30']
      SELECT COUNT(*)
      FROM [JobApplications] AS [j]
      WHERE [j].[Status] = 6
info: Microsoft.EntityFrameworkCore.Database.Command[20101]
      Executed DbCommand (1ms) [Parameters=[], CommandType='Text', CommandTimeout='30']
      SELECT COUNT(*)
      FROM [Users] AS [u]
info: Microsoft.EntityFrameworkCore.Database.Command[20101]
      Executed DbCommand (3ms) [Parameters=[], CommandType='Text', CommandTimeout='30']
      SELECT COUNT(*)
      FROM [Organizations] AS [o]
info: Microsoft.EntityFrameworkCore.Database.Command[20101]
      Executed DbCommand (0ms) [Parameters=[], CommandType='Text', CommandTimeout='30']
      SELECT COUNT(*)
      FROM [Organizations] AS [o]
info: Microsoft.EntityFrameworkCore.Database.Command[20101]
      Executed DbCommand (1ms) [Parameters=[], CommandType='Text', CommandTimeout='30']
      SELECT COUNT(*)
      FROM [JobPostings] AS [j]
info: Microsoft.EntityFrameworkCore.Database.Command[20101]
      Executed DbCommand (2ms) [Parameters=[@month='?' (DbType = DateTime2)], CommandType='Text', CommandTimeout='30']
      SELECT COUNT(*)
      FROM [Users] AS [u]
      WHERE [u].[CreatedAt] >= @month
info: Microsoft.EntityFrameworkCore.Database.Command[20101]
      Executed DbCommand (0ms) [Parameters=[], CommandType='Text', CommandTimeout='30']
      SELECT COUNT(*)
      FROM [JobApplications] AS [j]
info: Microsoft.EntityFrameworkCore.Database.Command[20101]
      Executed DbCommand (2ms) [Parameters=[], CommandType='Text', CommandTimeout='30']
      SELECT COUNT(*)
      FROM [Interviews] AS [i]
info: Microsoft.EntityFrameworkCore.Database.Command[20101]
      Executed DbCommand (2ms) [Parameters=[], CommandType='Text', CommandTimeout='30']
      SELECT COUNT(*)
      FROM [CandidateEvaluations] AS [c]
info: Microsoft.EntityFrameworkCore.Database.Command[20101]
      Executed DbCommand (1ms) [Parameters=[@role='?' (DbType = Int32), @code='?' (Size = 150)], CommandType='Text', CommandTimeout='30']
      SELECT CASE
          WHEN EXISTS (
              SELECT 1
              FROM [RolePermissions] AS [r]
              INNER JOIN [Permissions] AS [p] ON [r].[PermissionId] = [p].[Id]
              WHERE [r].[Role] = @role AND [p].[Code] = @code) THEN CAST(1 AS bit)
          ELSE CAST(0 AS bit)
      END
info: Microsoft.EntityFrameworkCore.Database.Command[20101]
      Executed DbCommand (0ms) [Parameters=[@role='?' (DbType = Int32), @code='?' (Size = 150)], CommandType='Text', CommandTimeout='30']
      SELECT CASE
          WHEN EXISTS (
              SELECT 1
              FROM [RolePermissions] AS [r]
              INNER JOIN [Permissions] AS [p] ON [r].[PermissionId] = [p].[Id]
              WHERE [r].[Role] = @role AND [p].[Code] = @code) THEN CAST(1 AS bit)
          ELSE CAST(0 AS bit)
      END
info: Microsoft.EntityFrameworkCore.Database.Command[20101]
      Executed DbCommand (0ms) [Parameters=[@role='?' (DbType = Int32), @code='?' (Size = 150)], CommandType='Text', CommandTimeout='30']
      SELECT CASE
          WHEN EXISTS (
              SELECT 1
              FROM [RolePermissions] AS [r]
              INNER JOIN [Permissions] AS [p] ON [r].[PermissionId] = [p].[Id]
              WHERE [r].[Role] = @role AND [p].[Code] = @code) THEN CAST(1 AS bit)
          ELSE CAST(0 AS bit)
      END
info: Microsoft.EntityFrameworkCore.Database.Command[20101]
      Executed DbCommand (0ms) [Parameters=[], CommandType='Text', CommandTimeout='30']
      SELECT [o].[Id], [o].[Name], [o].[Code], [o].[IsActive]
      FROM [Organizations] AS [o]
      ORDER BY [o].[Name]
info: Microsoft.EntityFrameworkCore.Database.Command[20101]
      Executed DbCommand (0ms) [Parameters=[@role='?' (DbType = Int32), @code='?' (Size = 150)], CommandType='Text', CommandTimeout='30']
      SELECT CASE
          WHEN EXISTS (
              SELECT 1
              FROM [RolePermissions] AS [r]
              INNER JOIN [Permissions] AS [p] ON [r].[PermissionId] = [p].[Id]
              WHERE [r].[Role] = @role AND [p].[Code] = @code) THEN CAST(1 AS bit)
          ELSE CAST(0 AS bit)
      END
info: Microsoft.EntityFrameworkCore.Database.Command[20101]
      Executed DbCommand (2ms) [Parameters=[@role='?' (DbType = Int32), @code='?' (Size = 150)], CommandType='Text', CommandTimeout='30']
      SELECT CASE
          WHEN EXISTS (
              SELECT 1
              FROM [RolePermissions] AS [r]
              INNER JOIN [Permissions] AS [p] ON [r].[PermissionId] = [p].[Id]
              WHERE [r].[Role] = @role AND [p].[Code] = @code) THEN CAST(1 AS bit)
          ELSE CAST(0 AS bit)
      END
info: Microsoft.EntityFrameworkCore.Database.Command[20101]
      Executed DbCommand (1ms) [Parameters=[], CommandType='Text', CommandTimeout='30']
      SELECT COUNT(*)
      FROM [JobPostings] AS [j]
info: Microsoft.EntityFrameworkCore.Database.Command[20101]
      Executed DbCommand (1ms) [Parameters=[@f_From='?' (DbType = DateTime2), @f_To='?' (DbType = DateTime2), @f_From3='?' (DbType = DateTime2), @f_To4='?' (DbType = DateTime2)], CommandType='Text', CommandTimeout='30']
      SELECT [a].[DecidedAt], [j1].[AppliedAt]
      FROM [ApplicationHiringDecisions] AS [a]
      INNER JOIN [JobApplications] AS [j1] ON [a].[JobApplicationId] = [j1].[Id]
      WHERE [a].[JobApplicationId] IN (
          SELECT [j].[Id]
          FROM [JobApplications] AS [j]
          WHERE [j].[JobPostingId] IN (
              SELECT [j0].[Id]
              FROM [JobPostings] AS [j0]
          ) AND [j].[AppliedAt] >= @f_From AND [j].[AppliedAt] <= @f_To
      ) AND [a].[Decision] = 2 AND [a].[DecidedAt] >= @f_From3 AND [a].[DecidedAt] <= @f_To4 AND [a].[DecidedAt] >= [j1].[AppliedAt]
info: Microsoft.EntityFrameworkCore.Database.Command[20101]
      Executed DbCommand (1ms) [Parameters=[@role='?' (DbType = Int32), @code='?' (Size = 150)], CommandType='Text', CommandTimeout='30']
      SELECT CASE
          WHEN EXISTS (
              SELECT 1
              FROM [RolePermissions] AS [r]
              INNER JOIN [Permissions] AS [p] ON [r].[PermissionId] = [p].[Id]
              WHERE [r].[Role] = @role AND [p].[Code] = @code) THEN CAST(1 AS bit)
          ELSE CAST(0 AS bit)
      END
info: Microsoft.EntityFrameworkCore.Database.Command[20101]
      Executed DbCommand (1ms) [Parameters=[@f_From='?' (DbType = DateTime2), @f_To='?' (DbType = DateTime2)], CommandType='Text', CommandTimeout='30']
      SELECT COUNT(*)
      FROM [JobApplications] AS [j]
      WHERE [j].[JobPostingId] IN (
          SELECT [j0].[Id]
          FROM [JobPostings] AS [j0]
      ) AND [j].[AppliedAt] >= @f_From AND [j].[AppliedAt] <= @f_To
info: Microsoft.EntityFrameworkCore.Database.Command[20101]
      Executed DbCommand (1ms) [Parameters=[@role='?' (DbType = Int32)], CommandType='Text', CommandTimeout='30']
      SELECT COUNT(*)
      FROM [Users] AS [u]
      WHERE [u].[Role] = @role
info: Microsoft.EntityFrameworkCore.Database.Command[20101]
      Executed DbCommand (1ms) [Parameters=[@f_From='?' (DbType = DateTime2), @f_To='?' (DbType = DateTime2)], CommandType='Text', CommandTimeout='30']
      SELECT [u0].[Year], [u0].[Month], COUNT(CASE
          WHEN [u0].[Role] = 1 THEN 1
      END) AS [C], COUNT(CASE
          WHEN [u0].[Role] = 2 THEN 1
      END) AS [R], COUNT(CASE
          WHEN [u0].[Role] = 4 THEN 1
      END) AS [H], COUNT(CASE
          WHEN [u0].[Role] = 3 THEN 1
      END) AS [A]
      FROM (
          SELECT [u].[Role], DATEPART(year, [u].[CreatedAt]) AS [Year], DATEPART(month, [u].[CreatedAt]) AS [Month]
          FROM [Users] AS [u]
          WHERE [u].[CreatedAt] >= @f_From AND [u].[CreatedAt] <= @f_To
      ) AS [u0]
      GROUP BY [u0].[Year], [u0].[Month]
info: Microsoft.EntityFrameworkCore.Database.Command[20101]
      Executed DbCommand (1ms) [Parameters=[@p='?' (DbType = Int32), @p1='?' (DbType = Int32)], CommandType='Text', CommandTimeout='30']
      SELECT [j0].[Id], [j0].[Title], [j0].[OrganizationId], [o].[Name], [j0].[DepartmentId], [d].[Name], [r].[UserId], [u].[FirstName] + N' ' + [u].[LastName], CASE [j0].[Status]
          WHEN 1 THEN N'Draft'
          WHEN 2 THEN N'Published'
          WHEN 3 THEN N'Paused'
          WHEN 4 THEN N'Closed'
          WHEN 5 THEN N'Archived'
          ELSE CAST([j0].[Status] AS nvarchar(max))
      END, [j0].[EmploymentType], [j0].[WorkplaceType], [j0].[Location], (
          SELECT COUNT(*)
          FROM [JobApplications] AS [j1]
          WHERE [j0].[Id] = [j1].[JobPostingId]), [j0].[IsFeatured], [j0].[PublishedAt], [j0].[ClosingAt], [j0].[CreatedAt]
      FROM (
          SELECT [j].[Id], [j].[ClosingAt], [j].[CreatedAt], [j].[DepartmentId], [j].[EmploymentType], [j].[IsFeatured], [j].[Location], [j].[OrganizationId], [j].[PublishedAt], [j].[RecruiterProfileId], [j].[Status], [j].[Title], [j].[WorkplaceType]
          FROM [JobPostings] AS [j]
          ORDER BY [j].[CreatedAt] DESC
          OFFSET @p ROWS FETCH NEXT @p1 ROWS ONLY
      ) AS [j0]
      INNER JOIN [Organizations] AS [o] ON [j0].[OrganizationId] = [o].[Id]
      INNER JOIN [Departments] AS [d] ON [j0].[DepartmentId] = [d].[Id]
      INNER JOIN [RecruiterProfiles] AS [r] ON [j0].[RecruiterProfileId] = [r].[Id]
      INNER JOIN [Users] AS [u] ON [r].[UserId] = [u].[Id]
      ORDER BY [j0].[CreatedAt] DESC
info: Microsoft.EntityFrameworkCore.Database.Command[20101]
      Executed DbCommand (1ms) [Parameters=[@f_From='?' (DbType = DateTime2), @f_To='?' (DbType = DateTime2), @f_From3='?' (DbType = DateTime2), @f_To4='?' (DbType = DateTime2)], CommandType='Text', CommandTimeout='30']
      SELECT COUNT(*)
      FROM [ApplicationHiringDecisions] AS [a]
      WHERE [a].[JobApplicationId] IN (
          SELECT [j].[Id]
          FROM [JobApplications] AS [j]
          WHERE [j].[JobPostingId] IN (
              SELECT [j0].[Id]
              FROM [JobPostings] AS [j0]
          ) AND [j].[AppliedAt] >= @f_From AND [j].[AppliedAt] <= @f_To
      ) AND [a].[Decision] = 2 AND [a].[DecidedAt] >= @f_From3 AND [a].[DecidedAt] <= @f_To4
info: Microsoft.EntityFrameworkCore.Database.Command[20101]
      Executed DbCommand (1ms) [Parameters=[@role='?' (DbType = Int32), @p='?' (DbType = Int32), @p2='?' (DbType = Int32)], CommandType='Text', CommandTimeout='30']
      SELECT [u0].[Id] AS [UserId], [u0].[FirstName] + N' ' + [u0].[LastName] AS [FullName], [u0].[Email], CASE
          WHEN [u0].[Role] = 3 THEN N'Admin'
          ELSE CASE [u0].[Role]
              WHEN 1 THEN N'Candidate'
              WHEN 2 THEN N'Recruiter'
              WHEN 3 THEN N'Administrator'
              WHEN 4 THEN N'HiringManager'
              ELSE CAST([u0].[Role] AS nvarchar(max))
          END
      END AS [Role], CASE
          WHEN [u0].[IsActive] = CAST(1 AS bit) THEN N'Active'
          ELSE N'Inactive'
      END AS [Status], CASE
          WHEN [r].[Id] IS NOT NULL THEN [o].[Name]
          WHEN [h].[Id] IS NOT NULL THEN [o0].[Name]
      END AS [OrganizationName], CASE
          WHEN [h].[Id] IS NOT NULL AND [d].[Id] IS NOT NULL THEN [d].[Name]
      END AS [DepartmentName], [u0].[CreatedAt]
      FROM (
          SELECT [u].[Id], [u].[CreatedAt], [u].[Email], [u].[FirstName], [u].[IsActive], [u].[LastName], [u].[Role]
          FROM [Users] AS [u]
          WHERE [u].[Role] = @role
          ORDER BY [u].[CreatedAt] DESC
          OFFSET @p ROWS FETCH NEXT @p2 ROWS ONLY
      ) AS [u0]
      LEFT JOIN [RecruiterProfiles] AS [r] ON [u0].[Id] = [r].[UserId]
      LEFT JOIN [Organizations] AS [o] ON [r].[OrganizationId] = [o].[Id]
      LEFT JOIN [HiringManagerProfiles] AS [h] ON [u0].[Id] = [h].[UserId]
      LEFT JOIN [Organizations] AS [o0] ON [h].[OrganizationId] = [o0].[Id]
      LEFT JOIN [Departments] AS [d] ON [h].[DepartmentId] = [d].[Id]
      ORDER BY [u0].[CreatedAt] DESC
info: Microsoft.EntityFrameworkCore.Database.Command[20101]
      Executed DbCommand (2ms) [Parameters=[@f_From='?' (DbType = DateTime2), @f_To='?' (DbType = DateTime2)], CommandType='Text', CommandTimeout='30']
      SELECT [j0].[Year], [j0].[Month], COUNT(*) AS [N]
      FROM (
          SELECT DATEPART(year, [j].[PublishedAt]) AS [Year], DATEPART(month, [j].[PublishedAt]) AS [Month]
          FROM [JobPostings] AS [j]
          WHERE [j].[PublishedAt] >= @f_From AND [j].[PublishedAt] <= @f_To
      ) AS [j0]
      GROUP BY [j0].[Year], [j0].[Month]
info: Microsoft.EntityFrameworkCore.Database.Command[20101]
      Executed DbCommand (1ms) [Parameters=[@role='?' (DbType = Int32), @code='?' (Size = 150)], CommandType='Text', CommandTimeout='30']
      SELECT CASE
          WHEN EXISTS (
              SELECT 1
              FROM [RolePermissions] AS [r]
              INNER JOIN [Permissions] AS [p] ON [r].[PermissionId] = [p].[Id]
              WHERE [r].[Role] = @role AND [p].[Code] = @code) THEN CAST(1 AS bit)
          ELSE CAST(0 AS bit)
      END
info: Microsoft.EntityFrameworkCore.Database.Command[20101]
      Executed DbCommand (1ms) [Parameters=[@f_From='?' (DbType = DateTime2), @f_To='?' (DbType = DateTime2), @f_From3='?' (DbType = DateTime2), @f_To4='?' (DbType = DateTime2)], CommandType='Text', CommandTimeout='30']
      SELECT COUNT(*)
      FROM [CandidateEvaluations] AS [c]
      WHERE [c].[JobApplicationId] IN (
          SELECT [j].[Id]
          FROM [JobApplications] AS [j]
          WHERE [j].[JobPostingId] IN (
              SELECT [j0].[Id]
              FROM [JobPostings] AS [j0]
          ) AND [j].[AppliedAt] >= @f_From AND [j].[AppliedAt] <= @f_To
      ) AND [c].[CreatedAt] >= @f_From3 AND [c].[CreatedAt] <= @f_To4
info: Microsoft.EntityFrameworkCore.Database.Command[20101]
      Executed DbCommand (1ms) [Parameters=[@f_From='?' (DbType = DateTime2), @f_To='?' (DbType = DateTime2)], CommandType='Text', CommandTimeout='30']
      SELECT [j1].[Year], [j1].[Month], COUNT(*) AS [N]
      FROM (
          SELECT DATEPART(year, [j].[AppliedAt]) AS [Year], DATEPART(month, [j].[AppliedAt]) AS [Month]
          FROM [JobApplications] AS [j]
          WHERE [j].[JobPostingId] IN (
              SELECT [j0].[Id]
              FROM [JobPostings] AS [j0]
          ) AND [j].[AppliedAt] >= @f_From AND [j].[AppliedAt] <= @f_To
      ) AS [j1]
      GROUP BY [j1].[Year], [j1].[Month]
info: Microsoft.EntityFrameworkCore.Database.Command[20101]
      Executed DbCommand (0ms) [Parameters=[@f_From='?' (DbType = DateTime2), @f_To='?' (DbType = DateTime2)], CommandType='Text', CommandTimeout='30']
      SELECT COUNT(*)
      FROM [JobApplications] AS [j]
      WHERE [j].[JobPostingId] IN (
          SELECT [j0].[Id]
          FROM [JobPostings] AS [j0]
      ) AND [j].[AppliedAt] >= @f_From AND [j].[AppliedAt] <= @f_To
info: Microsoft.EntityFrameworkCore.Database.Command[20101]
      Executed DbCommand (1ms) [Parameters=[@f_From='?' (DbType = DateTime2), @f_To='?' (DbType = DateTime2), @f_From3='?' (DbType = DateTime2), @f_To4='?' (DbType = DateTime2)], CommandType='Text', CommandTimeout='30']
      SELECT AVG([c].[OverallScore])
      FROM [CandidateEvaluations] AS [c]
      WHERE [c].[JobApplicationId] IN (
          SELECT [j].[Id]
          FROM [JobApplications] AS [j]
          WHERE [j].[JobPostingId] IN (
              SELECT [j0].[Id]
              FROM [JobPostings] AS [j0]
          ) AND [j].[AppliedAt] >= @f_From AND [j].[AppliedAt] <= @f_To
      ) AND [c].[CreatedAt] >= @f_From3 AND [c].[CreatedAt] <= @f_To4
info: Microsoft.EntityFrameworkCore.Database.Command[20101]
      Executed DbCommand (1ms) [Parameters=[], CommandType='Text', CommandTimeout='30']
      SELECT COUNT(*)
      FROM [Users] AS [u]
      WHERE [u].[IsActive] = CAST(1 AS bit)
info: Microsoft.EntityFrameworkCore.Database.Command[20101]
      Executed DbCommand (1ms) [Parameters=[@role='?' (DbType = Int32), @code='?' (Size = 150)], CommandType='Text', CommandTimeout='30']
      SELECT CASE
          WHEN EXISTS (
              SELECT 1
              FROM [RolePermissions] AS [r]
              INNER JOIN [Permissions] AS [p] ON [r].[PermissionId] = [p].[Id]
              WHERE [r].[Role] = @role AND [p].[Code] = @code) THEN CAST(1 AS bit)
          ELSE CAST(0 AS bit)
      END
info: Microsoft.EntityFrameworkCore.Database.Command[20101]
      Executed DbCommand (0ms) [Parameters=[@f_From='?' (DbType = DateTime2), @f_To='?' (DbType = DateTime2)], CommandType='Text', CommandTimeout='30']
      SELECT COUNT(*)
      FROM [Users] AS [u]
      WHERE [u].[IsActive] = CAST(1 AS bit) AND [u].[CreatedAt] >= @f_From AND [u].[CreatedAt] <= @f_To
info: Microsoft.EntityFrameworkCore.Database.Command[20101]
      Executed DbCommand (0ms) [Parameters=[@role='?' (DbType = Int32), @code='?' (Size = 150)], CommandType='Text', CommandTimeout='30']
      SELECT CASE
          WHEN EXISTS (
              SELECT 1
              FROM [RolePermissions] AS [r]
              INNER JOIN [Permissions] AS [p] ON [r].[PermissionId] = [p].[Id]
              WHERE [r].[Role] = @role AND [p].[Code] = @code) THEN CAST(1 AS bit)
          ELSE CAST(0 AS bit)
      END
info: Microsoft.EntityFrameworkCore.Database.Command[20101]
      Executed DbCommand (0ms) [Parameters=[], CommandType='Text', CommandTimeout='30']
      SELECT COUNT(*)
      FROM [Organizations] AS [o]
      WHERE [o].[IsActive] = CAST(1 AS bit)
info: Microsoft.EntityFrameworkCore.Database.Command[20101]
      Executed DbCommand (0ms) [Parameters=[], CommandType='Text', CommandTimeout='30']
      SELECT COUNT(*)
      FROM [JobPostings] AS [j]
      WHERE [j].[Status] = 2 AND ([j].[ClosingAt] IS NULL OR [j].[ClosingAt] > GETUTCDATE())
info: Microsoft.EntityFrameworkCore.Database.Command[20101]
      Executed DbCommand (0ms) [Parameters=[], CommandType='Text', CommandTimeout='30']
      SELECT COUNT(*)
      FROM [Organizations] AS [o]
      WHERE [o].[IsActive] = CAST(1 AS bit)
info: Microsoft.EntityFrameworkCore.Database.Command[20101]
      Executed DbCommand (0ms) [Parameters=[@f_From='?' (DbType = DateTime2), @f_To='?' (DbType = DateTime2), @f_From3='?' (DbType = DateTime2), @f_To4='?' (DbType = DateTime2)], CommandType='Text', CommandTimeout='30']
      SELECT COUNT(*)
      FROM [Interviews] AS [i]
      WHERE [i].[JobApplicationId] IN (
          SELECT [j].[Id]
          FROM [JobApplications] AS [j]
          WHERE [j].[JobPostingId] IN (
              SELECT [j0].[Id]
              FROM [JobPostings] AS [j0]
          ) AND [j].[AppliedAt] >= @f_From AND [j].[AppliedAt] <= @f_To
      ) AND [i].[Status] = 2 AND [i].[ScheduledAt] >= @f_From3 AND [i].[ScheduledAt] <= @f_To4
info: Microsoft.EntityFrameworkCore.Database.Command[20101]
      Executed DbCommand (4ms) [Parameters=[@role='?' (DbType = Int32), @code='?' (Size = 150)], CommandType='Text', CommandTimeout='30']
      SELECT CASE
          WHEN EXISTS (
              SELECT 1
              FROM [RolePermissions] AS [r]
              INNER JOIN [Permissions] AS [p] ON [r].[PermissionId] = [p].[Id]
              WHERE [r].[Role] = @role AND [p].[Code] = @code) THEN CAST(1 AS bit)
          ELSE CAST(0 AS bit)
      END
info: Microsoft.EntityFrameworkCore.Database.Command[20101]
      Executed DbCommand (1ms) [Parameters=[@f_From='?' (DbType = DateTime2), @f_To='?' (DbType = DateTime2), @f_From3='?' (DbType = DateTime2), @f_To4='?' (DbType = DateTime2)], CommandType='Text', CommandTimeout='30']
      SELECT COUNT(*)
      FROM [ApplicationHiringDecisions] AS [a]
      WHERE [a].[JobApplicationId] IN (
          SELECT [j].[Id]
          FROM [JobApplications] AS [j]
          WHERE [j].[JobPostingId] IN (
              SELECT [j0].[Id]
              FROM [JobPostings] AS [j0]
          ) AND [j].[AppliedAt] >= @f_From AND [j].[AppliedAt] <= @f_To
      ) AND [a].[Decision] = 3 AND [a].[DecidedAt] >= @f_From3 AND [a].[DecidedAt] <= @f_To4
info: Microsoft.EntityFrameworkCore.Database.Command[20101]
      Executed DbCommand (4ms) [Parameters=[@f_From='?' (DbType = DateTime2), @f_To='?' (DbType = DateTime2)], CommandType='Text', CommandTimeout='30']
      SELECT COUNT(*)
      FROM [AuditLogs] AS [a]
      WHERE [a].[CreatedAt] >= @f_From AND [a].[CreatedAt] <= @f_To
info: Microsoft.EntityFrameworkCore.Database.Command[20101]
      Executed DbCommand (1ms) [Parameters=[@role='?' (DbType = Int32), @code='?' (Size = 150)], CommandType='Text', CommandTimeout='30']
      SELECT CASE
          WHEN EXISTS (
              SELECT 1
              FROM [RolePermissions] AS [r]
              INNER JOIN [Permissions] AS [p] ON [r].[PermissionId] = [p].[Id]
              WHERE [r].[Role] = @role AND [p].[Code] = @code) THEN CAST(1 AS bit)
          ELSE CAST(0 AS bit)
      END
info: Microsoft.EntityFrameworkCore.Database.Command[20101]
      Executed DbCommand (1ms) [Parameters=[@role='?' (DbType = Int32), @code='?' (Size = 150)], CommandType='Text', CommandTimeout='30']
      SELECT CASE
          WHEN EXISTS (
              SELECT 1
              FROM [RolePermissions] AS [r]
              INNER JOIN [Permissions] AS [p] ON [r].[PermissionId] = [p].[Id]
              WHERE [r].[Role] = @role AND [p].[Code] = @code) THEN CAST(1 AS bit)
          ELSE CAST(0 AS bit)
      END
info: Microsoft.EntityFrameworkCore.Database.Command[20101]
      Executed DbCommand (1ms) [Parameters=[@role='?' (DbType = Int32), @code='?' (Size = 150)], CommandType='Text', CommandTimeout='30']
      SELECT CASE
          WHEN EXISTS (
              SELECT 1
              FROM [RolePermissions] AS [r]
              INNER JOIN [Permissions] AS [p] ON [r].[PermissionId] = [p].[Id]
              WHERE [r].[Role] = @role AND [p].[Code] = @code) THEN CAST(1 AS bit)
          ELSE CAST(0 AS bit)
      END
info: Microsoft.EntityFrameworkCore.Database.Command[20101]
      Executed DbCommand (1ms) [Parameters=[], CommandType='Text', CommandTimeout='30']
      SELECT COUNT(*)
      FROM [JobPostings] AS [j]
fail: Microsoft.AspNetCore.Diagnostics.ExceptionHandlerMiddleware[1]
      An unhandled exception has occurred while executing the request.
      Microsoft.Data.SqlClient.SqlException (0x80131904): A severe error occurred on the current command.  The results, if any, should be discarded.
      Operation cancelled by user.
         at System.Threading.Tasks.ContinuationResultTaskFromResultTask`2.InnerInvoke()
         at System.Threading.ExecutionContext.RunInternal(ExecutionContext executionContext, ContextCallback callback, Object state)
      --- End of stack trace from previous location ---
         at System.Threading.ExecutionContext.RunInternal(ExecutionContext executionContext, ContextCallback callback, Object state)
         at System.Threading.Tasks.Task.ExecuteWithThreadLocal(Task& currentTaskSlot, Thread threadPoolThread)
      --- End of stack trace from previous location ---
         at Microsoft.EntityFrameworkCore.Storage.RelationalCommand.ExecuteReaderAsync(RelationalCommandParameterObject parameterObject, CancellationToken cancellationToken)
         at Microsoft.EntityFrameworkCore.Storage.RelationalCommand.ExecuteReaderAsync(RelationalCommandParameterObject parameterObject, CancellationToken cancellationToken)
         at Microsoft.EntityFrameworkCore.Query.Internal.SingleQueryingEnumerable`1.AsyncEnumerator.InitializeReaderAsync(AsyncEnumerator enumerator, CancellationToken cancellationToken)
         at Microsoft.EntityFrameworkCore.SqlServer.Storage.Internal.SqlServerExecutionStrategy.ExecuteAsync[TState,TResult](TState state, Func`4 operation, Func`4 verifySucceeded, CancellationToken cancellationToken)
         at Microsoft.EntityFrameworkCore.Query.Internal.SingleQueryingEnumerable`1.AsyncEnumerator.MoveNextAsync()
         at Microsoft.EntityFrameworkCore.EntityFrameworkQueryableExtensions.ToListAsync[TSource](IQueryable`1 source, CancellationToken cancellationToken)
         at Microsoft.EntityFrameworkCore.EntityFrameworkQueryableExtensions.ToListAsync[TSource](IQueryable`1 source, CancellationToken cancellationToken)
         at JobOrbit.Infrastructure.Persistence.Repositories.AdminReportRepository.TimeToHireAsync(AdminReportFilter f, CancellationToken t) in C:\Users\hesha\OneDrive\Desktop\JobOrbitAI\src\JobOrbit.Infrastructure\Persistence\Repositories\AdminReportRepository.cs:line 15
         at JobOrbit.API.Controllers.AdminReportsController.TimeToHire(AdminReportFilter f, CancellationToken t) in C:\Users\hesha\OneDrive\Desktop\JobOrbitAI\src\JobOrbit.API\Controllers\AdminReportsController.cs:line 11
         at Microsoft.AspNetCore.Mvc.Infrastructure.ActionMethodExecutor.TaskOfIActionResultExecutor.Execute(ActionContext actionContext, IActionResultTypeMapper mapper, ObjectMethodExecutor executor, Object controller, Object[] arguments)
         at Microsoft.AspNetCore.Mvc.Infrastructure.ControllerActionInvoker.<InvokeActionMethodAsync>g__Awaited|12_0(ControllerActionInvoker invoker, ValueTask`1 actionResultValueTask)
         at Microsoft.AspNetCore.Mvc.Infrastructure.ControllerActionInvoker.<InvokeNextActionFilterAsync>g__Awaited|10_0(ControllerActionInvoker invoker, Task lastTask, State next, Scope scope, Object state, Boolean isCompleted)
         at Microsoft.AspNetCore.Mvc.Infrastructure.ControllerActionInvoker.Rethrow(ActionExecutedContextSealed context)
         at Microsoft.AspNetCore.Mvc.Infrastructure.ControllerActionInvoker.Next(State& next, Scope& scope, Object& state, Boolean& isCompleted)
         at Microsoft.AspNetCore.Mvc.Infrastructure.ControllerActionInvoker.<InvokeInnerFilterAsync>g__Awaited|13_0(ControllerActionInvoker invoker, Task lastTask, State next, Scope scope, Object state, Boolean isCompleted)
         at Microsoft.AspNetCore.Mvc.Infrastructure.ResourceInvoker.<InvokeFilterPipelineAsync>g__Awaited|20_0(ResourceInvoker invoker, Task lastTask, State next, Scope scope, Object state, Boolean isCompleted)
         at Microsoft.AspNetCore.Mvc.Infrastructure.ResourceInvoker.<InvokeAsync>g__Awaited|17_0(ResourceInvoker invoker, Task task, IDisposable scope)
         at Microsoft.AspNetCore.Mvc.Infrastructure.ResourceInvoker.<InvokeAsync>g__Awaited|17_0(ResourceInvoker invoker, Task task, IDisposable scope)
         at Microsoft.AspNetCore.Authorization.AuthorizationMiddleware.Invoke(HttpContext context)
         at Microsoft.AspNetCore.Authentication.AuthenticationMiddleware.Invoke(HttpContext context)
         at Swashbuckle.AspNetCore.SwaggerUI.SwaggerUIMiddleware.Invoke(HttpContext httpContext)
         at Swashbuckle.AspNetCore.Swagger.SwaggerMiddleware.Invoke(HttpContext httpContext, ISwaggerProvider swaggerProvider)
         at Microsoft.AspNetCore.Diagnostics.ExceptionHandlerMiddlewareImpl.<Invoke>g__Awaited|10_0(ExceptionHandlerMiddlewareImpl middleware, HttpContext context, Task task)
      ClientConnectionId:1d4cda83-35b8-4d9d-acb6-29e1a670c73b
fail: Microsoft.AspNetCore.Diagnostics.ExceptionHandlerMiddleware[1]
      An unhandled exception has occurred while executing the request.
      Microsoft.Data.SqlClient.SqlException (0x80131904): A severe error occurred on the current command.  The results, if any, should be discarded.
      Operation cancelled by user.
         at System.Threading.Tasks.ContinuationResultTaskFromResultTask`2.InnerInvoke()
         at System.Threading.ExecutionContext.RunInternal(ExecutionContext executionContext, ContextCallback callback, Object state)
      --- End of stack trace from previous location ---
         at System.Threading.ExecutionContext.RunInternal(ExecutionContext executionContext, ContextCallback callback, Object state)
         at System.Threading.Tasks.Task.ExecuteWithThreadLocal(Task& currentTaskSlot, Thread threadPoolThread)
      --- End of stack trace from previous location ---
         at Microsoft.EntityFrameworkCore.Storage.RelationalCommand.ExecuteReaderAsync(RelationalCommandParameterObject parameterObject, CancellationToken cancellationToken)
         at Microsoft.EntityFrameworkCore.Storage.RelationalCommand.ExecuteReaderAsync(RelationalCommandParameterObject parameterObject, CancellationToken cancellationToken)
         at Microsoft.EntityFrameworkCore.Query.Internal.SingleQueryingEnumerable`1.AsyncEnumerator.InitializeReaderAsync(AsyncEnumerator enumerator, CancellationToken cancellationToken)
         at Microsoft.EntityFrameworkCore.SqlServer.Storage.Internal.SqlServerExecutionStrategy.ExecuteAsync[TState,TResult](TState state, Func`4 operation, Func`4 verifySucceeded, CancellationToken cancellationToken)
         at Microsoft.EntityFrameworkCore.Query.Internal.SingleQueryingEnumerable`1.AsyncEnumerator.MoveNextAsync()
         at Microsoft.EntityFrameworkCore.EntityFrameworkQueryableExtensions.ToListAsync[TSource](IQueryable`1 source, CancellationToken cancellationToken)
         at Microsoft.EntityFrameworkCore.EntityFrameworkQueryableExtensions.ToListAsync[TSource](IQueryable`1 source, CancellationToken cancellationToken)
         at JobOrbit.Infrastructure.Persistence.Repositories.AdminReportRepository.TrendsAsync(AdminReportFilter f, CancellationToken t) in C:\Users\hesha\OneDrive\Desktop\JobOrbitAI\src\JobOrbit.Infrastructure\Persistence\Repositories\AdminReportRepository.cs:line 11
         at JobOrbit.API.Controllers.AdminReportsController.Trends(AdminReportFilter f, CancellationToken t) in C:\Users\hesha\OneDrive\Desktop\JobOrbitAI\src\JobOrbit.API\Controllers\AdminReportsController.cs:line 7
         at Microsoft.AspNetCore.Mvc.Infrastructure.ActionMethodExecutor.TaskOfIActionResultExecutor.Execute(ActionContext actionContext, IActionResultTypeMapper mapper, ObjectMethodExecutor executor, Object controller, Object[] arguments)
         at Microsoft.AspNetCore.Mvc.Infrastructure.ControllerActionInvoker.<InvokeActionMethodAsync>g__Awaited|12_0(ControllerActionInvoker invoker, ValueTask`1 actionResultValueTask)
         at Microsoft.AspNetCore.Mvc.Infrastructure.ControllerActionInvoker.<InvokeNextActionFilterAsync>g__Awaited|10_0(ControllerActionInvoker invoker, Task lastTask, State next, Scope scope, Object state, Boolean isCompleted)
         at Microsoft.AspNetCore.Mvc.Infrastructure.ControllerActionInvoker.Rethrow(ActionExecutedContextSealed context)
         at Microsoft.AspNetCore.Mvc.Infrastructure.ControllerActionInvoker.Next(State& next, Scope& scope, Object& state, Boolean& isCompleted)
         at Microsoft.AspNetCore.Mvc.Infrastructure.ControllerActionInvoker.<InvokeInnerFilterAsync>g__Awaited|13_0(ControllerActionInvoker invoker, Task lastTask, State next, Scope scope, Object state, Boolean isCompleted)
         at Microsoft.AspNetCore.Mvc.Infrastructure.ResourceInvoker.<InvokeFilterPipelineAsync>g__Awaited|20_0(ResourceInvoker invoker, Task lastTask, State next, Scope scope, Object state, Boolean isCompleted)
         at Microsoft.AspNetCore.Mvc.Infrastructure.ResourceInvoker.<InvokeAsync>g__Awaited|17_0(ResourceInvoker invoker, Task task, IDisposable scope)
         at Microsoft.AspNetCore.Mvc.Infrastructure.ResourceInvoker.<InvokeAsync>g__Awaited|17_0(ResourceInvoker invoker, Task task, IDisposable scope)
         at Microsoft.AspNetCore.Authorization.AuthorizationMiddleware.Invoke(HttpContext context)
         at Microsoft.AspNetCore.Authentication.AuthenticationMiddleware.Invoke(HttpContext context)
         at Swashbuckle.AspNetCore.SwaggerUI.SwaggerUIMiddleware.Invoke(HttpContext httpContext)
         at Swashbuckle.AspNetCore.Swagger.SwaggerMiddleware.Invoke(HttpContext httpContext, ISwaggerProvider swaggerProvider)
         at Microsoft.AspNetCore.Diagnostics.ExceptionHandlerMiddlewareImpl.<Invoke>g__Awaited|10_0(ExceptionHandlerMiddlewareImpl middleware, HttpContext context, Task task)
      ClientConnectionId:15f2766a-fd9e-4658-966f-a56c93c43f75
fail: Microsoft.AspNetCore.Diagnostics.ExceptionHandlerMiddleware[1]
      An unhandled exception has occurred while executing the request.
      Microsoft.Data.SqlClient.SqlException (0x80131904): A severe error occurred on the current command.  The results, if any, should be discarded.
      Operation cancelled by user.
         at System.Threading.Tasks.ContinuationResultTaskFromResultTask`2.InnerInvoke()
         at System.Threading.ExecutionContext.RunInternal(ExecutionContext executionContext, ContextCallback callback, Object state)
      --- End of stack trace from previous location ---
         at System.Threading.ExecutionContext.RunInternal(ExecutionContext executionContext, ContextCallback callback, Object state)
         at System.Threading.Tasks.Task.ExecuteWithThreadLocal(Task& currentTaskSlot, Thread threadPoolThread)
      --- End of stack trace from previous location ---
         at Microsoft.EntityFrameworkCore.Storage.RelationalCommand.ExecuteReaderAsync(RelationalCommandParameterObject parameterObject, CancellationToken cancellationToken)
         at Microsoft.EntityFrameworkCore.Storage.RelationalCommand.ExecuteReaderAsync(RelationalCommandParameterObject parameterObject, CancellationToken cancellationToken)
         at Microsoft.EntityFrameworkCore.Query.Internal.SingleQueryingEnumerable`1.AsyncEnumerator.InitializeReaderAsync(AsyncEnumerator enumerator, CancellationToken cancellationToken)
         at Microsoft.EntityFrameworkCore.SqlServer.Storage.Internal.SqlServerExecutionStrategy.ExecuteAsync[TState,TResult](TState state, Func`4 operation, Func`4 verifySucceeded, CancellationToken cancellationToken)
         at Microsoft.EntityFrameworkCore.Query.Internal.SingleQueryingEnumerable`1.AsyncEnumerator.MoveNextAsync()
         at Microsoft.EntityFrameworkCore.Query.ShapedQueryCompilingExpressionVisitor.SingleAsync[TSource](IAsyncEnumerable`1 asyncEnumerable, CancellationToken cancellationToken)
         at Microsoft.EntityFrameworkCore.Query.ShapedQueryCompilingExpressionVisitor.SingleAsync[TSource](IAsyncEnumerable`1 asyncEnumerable, CancellationToken cancellationToken)
         at JobOrbit.Infrastructure.Persistence.Repositories.AdminReportRepository.FunnelAsync(AdminReportFilter f, CancellationToken t) in C:\Users\hesha\OneDrive\Desktop\JobOrbitAI\src\JobOrbit.Infrastructure\Persistence\Repositories\AdminReportRepository.cs:line 12
         at JobOrbit.API.Controllers.AdminReportsController.Funnel(AdminReportFilter f, CancellationToken t) in C:\Users\hesha\OneDrive\Desktop\JobOrbitAI\src\JobOrbit.API\Controllers\AdminReportsController.cs:line 8
         at Microsoft.AspNetCore.Mvc.Infrastructure.ActionMethodExecutor.TaskOfIActionResultExecutor.Execute(ActionContext actionContext, IActionResultTypeMapper mapper, ObjectMethodExecutor executor, Object controller, Object[] arguments)
         at Microsoft.AspNetCore.Mvc.Infrastructure.ControllerActionInvoker.<InvokeActionMethodAsync>g__Awaited|12_0(ControllerActionInvoker invoker, ValueTask`1 actionResultValueTask)
         at Microsoft.AspNetCore.Mvc.Infrastructure.ControllerActionInvoker.<InvokeNextActionFilterAsync>g__Awaited|10_0(ControllerActionInvoker invoker, Task lastTask, State next, Scope scope, Object state, Boolean isCompleted)
         at Microsoft.AspNetCore.Mvc.Infrastructure.ControllerActionInvoker.Rethrow(ActionExecutedContextSealed context)
         at Microsoft.AspNetCore.Mvc.Infrastructure.ControllerActionInvoker.Next(State& next, Scope& scope, Object& state, Boolean& isCompleted)
         at Microsoft.AspNetCore.Mvc.Infrastructure.ControllerActionInvoker.<InvokeInnerFilterAsync>g__Awaited|13_0(ControllerActionInvoker invoker, Task lastTask, State next, Scope scope, Object state, Boolean isCompleted)
         at Microsoft.AspNetCore.Mvc.Infrastructure.ResourceInvoker.<InvokeFilterPipelineAsync>g__Awaited|20_0(ResourceInvoker invoker, Task lastTask, State next, Scope scope, Object state, Boolean isCompleted)
         at Microsoft.AspNetCore.Mvc.Infrastructure.ResourceInvoker.<InvokeAsync>g__Awaited|17_0(ResourceInvoker invoker, Task task, IDisposable scope)
         at Microsoft.AspNetCore.Mvc.Infrastructure.ResourceInvoker.<InvokeAsync>g__Awaited|17_0(ResourceInvoker invoker, Task task, IDisposable scope)
         at Microsoft.AspNetCore.Authorization.AuthorizationMiddleware.Invoke(HttpContext context)
         at Microsoft.AspNetCore.Authentication.AuthenticationMiddleware.Invoke(HttpContext context)
         at Swashbuckle.AspNetCore.SwaggerUI.SwaggerUIMiddleware.Invoke(HttpContext httpContext)
         at Swashbuckle.AspNetCore.Swagger.SwaggerMiddleware.Invoke(HttpContext httpContext, ISwaggerProvider swaggerProvider)
         at Microsoft.AspNetCore.Diagnostics.ExceptionHandlerMiddlewareImpl.<Invoke>g__Awaited|10_0(ExceptionHandlerMiddlewareImpl middleware, HttpContext context, Task task)
      ClientConnectionId:e7b149ed-c5eb-4fab-90e3-37a0facbd52f
info: Microsoft.EntityFrameworkCore.Database.Command[20101]
      Executed DbCommand (1ms) [Parameters=[@p='?' (DbType = Int32), @p1='?' (DbType = Int32)], CommandType='Text', CommandTimeout='30']
      SELECT [j0].[Id], [j0].[Title], [j0].[OrganizationId], [o].[Name], [j0].[DepartmentId], [d].[Name], [r].[UserId], [u].[FirstName] + N' ' + [u].[LastName], CASE [j0].[Status]
          WHEN 1 THEN N'Draft'
          WHEN 2 THEN N'Published'
          WHEN 3 THEN N'Paused'
          WHEN 4 THEN N'Closed'
          WHEN 5 THEN N'Archived'
          ELSE CAST([j0].[Status] AS nvarchar(max))
      END, [j0].[EmploymentType], [j0].[WorkplaceType], [j0].[Location], (
          SELECT COUNT(*)
          FROM [JobApplications] AS [j1]
          WHERE [j0].[Id] = [j1].[JobPostingId]), [j0].[IsFeatured], [j0].[PublishedAt], [j0].[ClosingAt], [j0].[CreatedAt]
      FROM (
          SELECT [j].[Id], [j].[ClosingAt], [j].[CreatedAt], [j].[DepartmentId], [j].[EmploymentType], [j].[IsFeatured], [j].[Location], [j].[OrganizationId], [j].[PublishedAt], [j].[RecruiterProfileId], [j].[Status], [j].[Title], [j].[WorkplaceType]
          FROM [JobPostings] AS [j]
          ORDER BY [j].[CreatedAt] DESC
          OFFSET @p ROWS FETCH NEXT @p1 ROWS ONLY
      ) AS [j0]
      INNER JOIN [Organizations] AS [o] ON [j0].[OrganizationId] = [o].[Id]
      INNER JOIN [Departments] AS [d] ON [j0].[DepartmentId] = [d].[Id]
      INNER JOIN [RecruiterProfiles] AS [r] ON [j0].[RecruiterProfileId] = [r].[Id]
      INNER JOIN [Users] AS [u] ON [r].[UserId] = [u].[Id]
      ORDER BY [j0].[CreatedAt] DESC
info: Microsoft.EntityFrameworkCore.Database.Command[20101]
      Executed DbCommand (3ms) [Parameters=[], CommandType='Text', CommandTimeout='30']
      SELECT [o].[Id], [o].[Name], [o].[Code], [o].[IsActive]
      FROM [Organizations] AS [o]
      ORDER BY [o].[Name]
info: Microsoft.EntityFrameworkCore.Database.Command[20101]
      Executed DbCommand (1ms) [Parameters=[@role='?' (DbType = Int32), @code='?' (Size = 150)], CommandType='Text', CommandTimeout='30']
      SELECT CASE
          WHEN EXISTS (
              SELECT 1
              FROM [RolePermissions] AS [r]
              INNER JOIN [Permissions] AS [p] ON [r].[PermissionId] = [p].[Id]
              WHERE [r].[Role] = @role AND [p].[Code] = @code) THEN CAST(1 AS bit)
          ELSE CAST(0 AS bit)
      END
fail: Microsoft.AspNetCore.Diagnostics.ExceptionHandlerMiddleware[1]
      An unhandled exception has occurred while executing the request.
      Microsoft.Data.SqlClient.SqlException (0x80131904): A severe error occurred on the current command.  The results, if any, should be discarded.
      Operation cancelled by user.
         at System.Threading.Tasks.ContinuationResultTaskFromResultTask`2.InnerInvoke()
         at System.Threading.ExecutionContext.RunInternal(ExecutionContext executionContext, ContextCallback callback, Object state)
      --- End of stack trace from previous location ---
         at System.Threading.ExecutionContext.RunInternal(ExecutionContext executionContext, ContextCallback callback, Object state)
         at System.Threading.Tasks.Task.ExecuteWithThreadLocal(Task& currentTaskSlot, Thread threadPoolThread)
      --- End of stack trace from previous location ---
         at Microsoft.EntityFrameworkCore.Storage.RelationalCommand.ExecuteReaderAsync(RelationalCommandParameterObject parameterObject, CancellationToken cancellationToken)
         at Microsoft.EntityFrameworkCore.Storage.RelationalCommand.ExecuteReaderAsync(RelationalCommandParameterObject parameterObject, CancellationToken cancellationToken)
         at Microsoft.EntityFrameworkCore.Query.Internal.SingleQueryingEnumerable`1.AsyncEnumerator.InitializeReaderAsync(AsyncEnumerator enumerator, CancellationToken cancellationToken)
         at Microsoft.EntityFrameworkCore.SqlServer.Storage.Internal.SqlServerExecutionStrategy.ExecuteAsync[TState,TResult](TState state, Func`4 operation, Func`4 verifySucceeded, CancellationToken cancellationToken)
         at Microsoft.EntityFrameworkCore.Query.Internal.SingleQueryingEnumerable`1.AsyncEnumerator.MoveNextAsync()
         at Microsoft.EntityFrameworkCore.EntityFrameworkQueryableExtensions.ToListAsync[TSource](IQueryable`1 source, CancellationToken cancellationToken)
         at Microsoft.EntityFrameworkCore.EntityFrameworkQueryableExtensions.ToListAsync[TSource](IQueryable`1 source, CancellationToken cancellationToken)
         at JobOrbit.Infrastructure.Persistence.Repositories.AdminReportRepository.OrganizationsAsync(AdminReportFilter f, CancellationToken t) in C:\Users\hesha\OneDrive\Desktop\JobOrbitAI\src\JobOrbit.Infrastructure\Persistence\Repositories\AdminReportRepository.cs:line 13
         at JobOrbit.API.Controllers.AdminReportsController.Organizations(AdminReportFilter f, CancellationToken t) in C:\Users\hesha\OneDrive\Desktop\JobOrbitAI\src\JobOrbit.API\Controllers\AdminReportsController.cs:line 9
         at Microsoft.AspNetCore.Mvc.Infrastructure.ActionMethodExecutor.TaskOfIActionResultExecutor.Execute(ActionContext actionContext, IActionResultTypeMapper mapper, ObjectMethodExecutor executor, Object controller, Object[] arguments)
         at Microsoft.AspNetCore.Mvc.Infrastructure.ControllerActionInvoker.<InvokeActionMethodAsync>g__Awaited|12_0(ControllerActionInvoker invoker, ValueTask`1 actionResultValueTask)
         at Microsoft.AspNetCore.Mvc.Infrastructure.ControllerActionInvoker.<InvokeNextActionFilterAsync>g__Awaited|10_0(ControllerActionInvoker invoker, Task lastTask, State next, Scope scope, Object state, Boolean isCompleted)
         at Microsoft.AspNetCore.Mvc.Infrastructure.ControllerActionInvoker.Rethrow(ActionExecutedContextSealed context)
         at Microsoft.AspNetCore.Mvc.Infrastructure.ControllerActionInvoker.Next(State& next, Scope& scope, Object& state, Boolean& isCompleted)
         at Microsoft.AspNetCore.Mvc.Infrastructure.ControllerActionInvoker.<InvokeInnerFilterAsync>g__Awaited|13_0(ControllerActionInvoker invoker, Task lastTask, State next, Scope scope, Object state, Boolean isCompleted)
         at Microsoft.AspNetCore.Mvc.Infrastructure.ResourceInvoker.<InvokeFilterPipelineAsync>g__Awaited|20_0(ResourceInvoker invoker, Task lastTask, State next, Scope scope, Object state, Boolean isCompleted)
         at Microsoft.AspNetCore.Mvc.Infrastructure.ResourceInvoker.<InvokeAsync>g__Awaited|17_0(ResourceInvoker invoker, Task task, IDisposable scope)
         at Microsoft.AspNetCore.Mvc.Infrastructure.ResourceInvoker.<InvokeAsync>g__Awaited|17_0(ResourceInvoker invoker, Task task, IDisposable scope)
         at Microsoft.AspNetCore.Authorization.AuthorizationMiddleware.Invoke(HttpContext context)
         at Microsoft.AspNetCore.Authentication.AuthenticationMiddleware.Invoke(HttpContext context)
         at Swashbuckle.AspNetCore.SwaggerUI.SwaggerUIMiddleware.Invoke(HttpContext httpContext)
         at Swashbuckle.AspNetCore.Swagger.SwaggerMiddleware.Invoke(HttpContext httpContext, ISwaggerProvider swaggerProvider)
         at Microsoft.AspNetCore.Diagnostics.ExceptionHandlerMiddlewareImpl.<Invoke>g__Awaited|10_0(ExceptionHandlerMiddlewareImpl middleware, HttpContext context, Task task)
      ClientConnectionId:0c832117-e947-4c53-9976-59ff91359399
info: Microsoft.EntityFrameworkCore.Database.Command[20101]
      Executed DbCommand (0ms) [Parameters=[@role='?' (DbType = Int32)], CommandType='Text', CommandTimeout='30']
      SELECT COUNT(*)
      FROM [Users] AS [u]
      WHERE [u].[Role] = @role
info: Microsoft.EntityFrameworkCore.Database.Command[20101]
      Executed DbCommand (1ms) [Parameters=[@role='?' (DbType = Int32), @p='?' (DbType = Int32), @p2='?' (DbType = Int32)], CommandType='Text', CommandTimeout='30']
      SELECT [u0].[Id] AS [UserId], [u0].[FirstName] + N' ' + [u0].[LastName] AS [FullName], [u0].[Email], CASE
          WHEN [u0].[Role] = 3 THEN N'Admin'
          ELSE CASE [u0].[Role]
              WHEN 1 THEN N'Candidate'
              WHEN 2 THEN N'Recruiter'
              WHEN 3 THEN N'Administrator'
              WHEN 4 THEN N'HiringManager'
              ELSE CAST([u0].[Role] AS nvarchar(max))
          END
      END AS [Role], CASE
          WHEN [u0].[IsActive] = CAST(1 AS bit) THEN N'Active'
          ELSE N'Inactive'
      END AS [Status], CASE
          WHEN [r].[Id] IS NOT NULL THEN [o].[Name]
          WHEN [h].[Id] IS NOT NULL THEN [o0].[Name]
      END AS [OrganizationName], CASE
          WHEN [h].[Id] IS NOT NULL AND [d].[Id] IS NOT NULL THEN [d].[Name]
      END AS [DepartmentName], [u0].[CreatedAt]
      FROM (
          SELECT [u].[Id], [u].[CreatedAt], [u].[Email], [u].[FirstName], [u].[IsActive], [u].[LastName], [u].[Role]
          FROM [Users] AS [u]
          WHERE [u].[Role] = @role
          ORDER BY [u].[CreatedAt] DESC
          OFFSET @p ROWS FETCH NEXT @p2 ROWS ONLY
      ) AS [u0]
      LEFT JOIN [RecruiterProfiles] AS [r] ON [u0].[Id] = [r].[UserId]
      LEFT JOIN [Organizations] AS [o] ON [r].[OrganizationId] = [o].[Id]
      LEFT JOIN [HiringManagerProfiles] AS [h] ON [u0].[Id] = [h].[UserId]
      LEFT JOIN [Organizations] AS [o0] ON [h].[OrganizationId] = [o0].[Id]
      LEFT JOIN [Departments] AS [d] ON [h].[DepartmentId] = [d].[Id]
      ORDER BY [u0].[CreatedAt] DESC
info: Microsoft.EntityFrameworkCore.Database.Command[20101]
      Executed DbCommand (1ms) [Parameters=[@userId='?' (DbType = Int32)], CommandType='Text', CommandTimeout='30']
      SELECT TOP(2) [u].[Id], [u].[ApplicationStatusNotifications], [u].[CreatedAt], [u].[Email], [u].[EmailNotifications], [u].[FirstName], [u].[InterviewReminders], [u].[IsActive], [u].[JobRecommendationNotifications], [u].[LastName], [u].[PasswordHash], [u].[Role], [u].[UpdatedAt]
      FROM [Users] AS [u]
      WHERE [u].[Id] = @userId
info: Microsoft.EntityFrameworkCore.Database.Command[20101]
      Executed DbCommand (0ms) [Parameters=[@userId='?' (DbType = Int32)], CommandType='Text', CommandTimeout='30']
      SELECT TOP(2) [u].[Id], [u].[ApplicationStatusNotifications], [u].[CreatedAt], [u].[Email], [u].[EmailNotifications], [u].[FirstName], [u].[InterviewReminders], [u].[IsActive], [u].[JobRecommendationNotifications], [u].[LastName], [u].[PasswordHash], [u].[Role], [u].[UpdatedAt]
      FROM [Users] AS [u]
      WHERE [u].[Id] = @userId
info: Microsoft.EntityFrameworkCore.Database.Command[20101]
      Executed DbCommand (1ms) [Parameters=[], CommandType='Text', CommandTimeout='30']
      SELECT COUNT(*)
      FROM [Users] AS [u]
info: Microsoft.EntityFrameworkCore.Database.Command[20101]
      Executed DbCommand (1ms) [Parameters=[@f='?' (DbType = DateTime2), @to='?' (DbType = DateTime2)], CommandType='Text', CommandTimeout='30']
      SELECT [u0].[Year], [u0].[Month], COUNT(CASE
          WHEN [u0].[Role] = 1 THEN 1
      END) AS [Candidates], COUNT(CASE
          WHEN [u0].[Role] = 2 THEN 1
      END) AS [Recruiters], COUNT(CASE
          WHEN [u0].[Role] = 4 THEN 1
      END) AS [Managers], COUNT(CASE
          WHEN [u0].[Role] = 3 THEN 1
      END) AS [Admins]
      FROM (
          SELECT [u].[Role], DATEPART(year, [u].[CreatedAt]) AS [Year], DATEPART(month, [u].[CreatedAt]) AS [Month]
          FROM [Users] AS [u]
          WHERE [u].[CreatedAt] >= @f AND [u].[CreatedAt] <= @to
      ) AS [u0]
      GROUP BY [u0].[Year], [u0].[Month]
info: Microsoft.EntityFrameworkCore.Database.Command[20101]
      Executed DbCommand (1ms) [Parameters=[], CommandType='Text', CommandTimeout='30']
      SELECT COUNT(*)
      FROM [Users] AS [u]
      WHERE [u].[Role] = 1
info: Microsoft.EntityFrameworkCore.Database.Command[20101]
      Executed DbCommand (0ms) [Parameters=[], CommandType='Text', CommandTimeout='30']
      SELECT COUNT(*)
      FROM [Users] AS [u]
      WHERE [u].[Role] = 2
info: Microsoft.EntityFrameworkCore.Database.Command[20101]
      Executed DbCommand (0ms) [Parameters=[], CommandType='Text', CommandTimeout='30']
      SELECT [j].[Status] AS [Key], COUNT(*) AS [Count]
      FROM [JobApplications] AS [j]
      GROUP BY [j].[Status]
info: Microsoft.EntityFrameworkCore.Database.Command[20101]
      Executed DbCommand (0ms) [Parameters=[], CommandType='Text', CommandTimeout='30']
      SELECT COUNT(*)
      FROM [Users] AS [u]
      WHERE [u].[Role] = 4
info: Microsoft.EntityFrameworkCore.Database.Command[20101]
      Executed DbCommand (0ms) [Parameters=[], CommandType='Text', CommandTimeout='30']
      SELECT COUNT(*)
      FROM [JobPostings] AS [j]
      WHERE [j].[Status] = 2 AND ([j].[ClosingAt] IS NULL OR [j].[ClosingAt] > GETUTCDATE())
info: Microsoft.EntityFrameworkCore.Database.Command[20101]
      Executed DbCommand (0ms) [Parameters=[@from='?' (DbType = DateTime2)], CommandType='Text', CommandTimeout='30']
      SELECT [j0].[Year], [j0].[Month], COUNT(*) AS [Count]
      FROM (
          SELECT DATEPART(year, [j].[AppliedAt]) AS [Year], DATEPART(month, [j].[AppliedAt]) AS [Month]
          FROM [JobApplications] AS [j]
          WHERE [j].[AppliedAt] >= @from
      ) AS [j0]
      GROUP BY [j0].[Year], [j0].[Month]
info: Microsoft.EntityFrameworkCore.Database.Command[20101]
      Executed DbCommand (0ms) [Parameters=[], CommandType='Text', CommandTimeout='30']
      SELECT COUNT(*)
      FROM [JobApplications] AS [j]
info: Microsoft.EntityFrameworkCore.Database.Command[20101]
      Executed DbCommand (0ms) [Parameters=[], CommandType='Text', CommandTimeout='30']
      SELECT COUNT(*)
      FROM [JobApplications] AS [j]
info: Microsoft.EntityFrameworkCore.Database.Command[20101]
      Executed DbCommand (0ms) [Parameters=[], CommandType='Text', CommandTimeout='30']
      SELECT COUNT(*)
      FROM [Interviews] AS [i]
      WHERE [i].[Status] <> 3
info: Microsoft.EntityFrameworkCore.Database.Command[20101]
      Executed DbCommand (0ms) [Parameters=[], CommandType='Text', CommandTimeout='30']
      SELECT COUNT(*)
      FROM [JobApplications] AS [j]
      WHERE [j].[Status] = 6
info: Microsoft.EntityFrameworkCore.Database.Command[20101]
      Executed DbCommand (1ms) [Parameters=[@p='?' (DbType = Int32)], CommandType='Text', CommandTimeout='30']
      SELECT [a0].[Id] AS [ActivityId], [a0].[Action], COALESCE([a0].[Description], [a0].[Action] + N' on ' + [a0].[EntityName]) AS [Description], COALESCE([a0].[ActorNameSnapshot], CASE
          WHEN [u].[Id] IS NULL THEN N'System'
          ELSE COALESCE([u].[FirstName], N'') + N' ' + COALESCE([u].[LastName], N'')
      END) AS [ActorName], COALESCE([a0].[ActorRoleSnapshot], CASE
          WHEN [u].[Id] IS NULL THEN NULL
          ELSE CASE [u].[Role]
              WHEN 1 THEN N'Candidate'
              WHEN 2 THEN N'Recruiter'
              WHEN 3 THEN N'Administrator'
              WHEN 4 THEN N'HiringManager'
              ELSE ISNULL(CAST([u].[Role] AS nvarchar(max)), N'')
          END
      END) AS [ActorRole], [a0].[EntityName] AS [EntityType], CASE [a0].[Severity]
          WHEN 1 THEN N'Information'
          WHEN 2 THEN N'Warning'
          WHEN 3 THEN N'Critical'
          ELSE CAST([a0].[Severity] AS nvarchar(max))
      END AS [Severity], [a0].[CreatedAt] AS [OccurredAt]
      FROM (
          SELECT TOP(@p) [a].[Id], [a].[Action], [a].[ActorNameSnapshot], [a].[ActorRoleSnapshot], [a].[CreatedAt], [a].[Description], [a].[EntityName], [a].[Severity], [a].[UserId]
          FROM [AuditLogs] AS [a]
          ORDER BY [a].[CreatedAt] DESC
      ) AS [a0]
      LEFT JOIN [Users] AS [u] ON [a0].[UserId] = [u].[Id]
      ORDER BY [a0].[CreatedAt] DESC
info: Microsoft.EntityFrameworkCore.Database.Command[20101]
      Executed DbCommand (0ms) [Parameters=[], CommandType='Text', CommandTimeout='30']
      SELECT COUNT(*)
      FROM [Organizations] AS [o]
info: Microsoft.EntityFrameworkCore.Database.Command[20101]
      Executed DbCommand (0ms) [Parameters=[@month='?' (DbType = DateTime2)], CommandType='Text', CommandTimeout='30']
      SELECT COUNT(*)
      FROM [Users] AS [u]
      WHERE [u].[CreatedAt] >= @month
info: Microsoft.EntityFrameworkCore.Database.Command[20101]
      Executed DbCommand (0ms) [Parameters=[], CommandType='Text', CommandTimeout='30']
      SELECT 1
info: Microsoft.EntityFrameworkCore.Database.Command[20101]
      Executed DbCommand (0ms) [Parameters=[], CommandType='Text', CommandTimeout='30']
      SELECT COUNT(*)
      FROM [Users] AS [u]
info: Microsoft.EntityFrameworkCore.Database.Command[20101]
      Executed DbCommand (0ms) [Parameters=[], CommandType='Text', CommandTimeout='30']
      SELECT COUNT(*)
      FROM [Organizations] AS [o]
info: Microsoft.EntityFrameworkCore.Database.Command[20101]
      Executed DbCommand (0ms) [Parameters=[], CommandType='Text', CommandTimeout='30']
      SELECT COUNT(*)
      FROM [JobPostings] AS [j]
info: Microsoft.EntityFrameworkCore.Database.Command[20101]
      Executed DbCommand (0ms) [Parameters=[], CommandType='Text', CommandTimeout='30']
      SELECT COUNT(*)
      FROM [JobApplications] AS [j]
info: Microsoft.EntityFrameworkCore.Database.Command[20101]
      Executed DbCommand (0ms) [Parameters=[], CommandType='Text', CommandTimeout='30']
      SELECT COUNT(*)
      FROM [Interviews] AS [i]
info: Microsoft.EntityFrameworkCore.Database.Command[20101]
      Executed DbCommand (0ms) [Parameters=[], CommandType='Text', CommandTimeout='30']
      SELECT COUNT(*)
      FROM [CandidateEvaluations] AS [c]
info: Microsoft.EntityFrameworkCore.Database.Command[20101]
      Executed DbCommand (0ms) [Parameters=[@role='?' (DbType = Int32), @code='?' (Size = 150)], CommandType='Text', CommandTimeout='30']
      SELECT CASE
          WHEN EXISTS (
              SELECT 1
              FROM [RolePermissions] AS [r]
              INNER JOIN [Permissions] AS [p] ON [r].[PermissionId] = [p].[Id]
              WHERE [r].[Role] = @role AND [p].[Code] = @code) THEN CAST(1 AS bit)
          ELSE CAST(0 AS bit)
      END
info: Microsoft.EntityFrameworkCore.Database.Command[20101]
      Executed DbCommand (0ms) [Parameters=[], CommandType='Text', CommandTimeout='30']
      SELECT COUNT(*)
      FROM [Organizations] AS [o]
info: Microsoft.EntityFrameworkCore.Database.Command[20101]
      Executed DbCommand (11ms) [Parameters=[@now='?' (DbType = DateTime2), @p='?' (DbType = Int32), @p1='?' (DbType = Int32)], CommandType='Text', CommandTimeout='30']
      SELECT [o].[Id], [o].[Name], [o].[Code], [o].[Email], [o].[Phone], COALESCE([o].[City], [o].[Location]), [o].[Country], CASE
          WHEN [o].[IsActive] = CAST(1 AS bit) THEN N'Active'
          ELSE N'Inactive'
      END, (
          SELECT COUNT(*)
          FROM [Departments] AS [d]
          WHERE [o].[Id] = [d].[OrganizationId]), (
          SELECT COUNT(*)
          FROM [RecruiterProfiles] AS [r]
          WHERE [o].[Id] = [r].[OrganizationId]), (
          SELECT COUNT(*)
          FROM [HiringManagerProfiles] AS [h]
          WHERE [o].[Id] = [h].[OrganizationId]), (
          SELECT COUNT(*)
          FROM [JobPostings] AS [j]
          WHERE [o].[Id] = [j].[OrganizationId] AND [j].[Status] = 2 AND ([j].[ClosingAt] IS NULL OR [j].[ClosingAt] > @now)), [o].[CreatedAt]
      FROM [Organizations] AS [o]
      ORDER BY [o].[Name]
      OFFSET @p ROWS FETCH NEXT @p1 ROWS ONLY
info: Microsoft.EntityFrameworkCore.Database.Command[20101]
      Executed DbCommand (1ms) [Parameters=[@role='?' (DbType = Int32), @code='?' (Size = 150)], CommandType='Text', CommandTimeout='30']
      SELECT CASE
          WHEN EXISTS (
              SELECT 1
              FROM [RolePermissions] AS [r]
              INNER JOIN [Permissions] AS [p] ON [r].[PermissionId] = [p].[Id]
              WHERE [r].[Role] = @role AND [p].[Code] = @code) THEN CAST(1 AS bit)
          ELSE CAST(0 AS bit)
      END
info: Microsoft.EntityFrameworkCore.Database.Command[20101]
      Executed DbCommand (0ms) [Parameters=[@role='?' (DbType = Int32), @code='?' (Size = 150)], CommandType='Text', CommandTimeout='30']
      SELECT CASE
          WHEN EXISTS (
              SELECT 1
              FROM [RolePermissions] AS [r]
              INNER JOIN [Permissions] AS [p] ON [r].[PermissionId] = [p].[Id]
              WHERE [r].[Role] = @role AND [p].[Code] = @code) THEN CAST(1 AS bit)
          ELSE CAST(0 AS bit)
      END
info: Microsoft.EntityFrameworkCore.Database.Command[20101]
      Executed DbCommand (0ms) [Parameters=[], CommandType='Text', CommandTimeout='30']
      SELECT [o].[Id], [o].[Name], [o].[Code], [o].[IsActive]
      FROM [Organizations] AS [o]
      ORDER BY [o].[Name]
info: Microsoft.EntityFrameworkCore.Database.Command[20101]
      Executed DbCommand (1ms) [Parameters=[@role='?' (DbType = Int32), @code='?' (Size = 150)], CommandType='Text', CommandTimeout='30']
      SELECT CASE
          WHEN EXISTS (
              SELECT 1
              FROM [RolePermissions] AS [r]
              INNER JOIN [Permissions] AS [p] ON [r].[PermissionId] = [p].[Id]
              WHERE [r].[Role] = @role AND [p].[Code] = @code) THEN CAST(1 AS bit)
          ELSE CAST(0 AS bit)
      END
info: Microsoft.EntityFrameworkCore.Database.Command[20101]
      Executed DbCommand (0ms) [Parameters=[], CommandType='Text', CommandTimeout='30']
      SELECT [o].[Id], [o].[Name], [o].[Code], [o].[IsActive]
      FROM [Organizations] AS [o]
      ORDER BY [o].[Name]
info: Microsoft.EntityFrameworkCore.Database.Command[20101]
      Executed DbCommand (1ms) [Parameters=[], CommandType='Text', CommandTimeout='30']
      SELECT COUNT(*)
      FROM [Departments] AS [d]
info: Microsoft.EntityFrameworkCore.Database.Command[20101]
      Executed DbCommand (8ms) [Parameters=[@now='?' (DbType = DateTime2), @p='?' (DbType = Int32), @p1='?' (DbType = Int32)], CommandType='Text', CommandTimeout='30']
      SELECT [d0].[Id], [d0].[OrganizationId], [o].[Name], [d0].[Name], [d0].[Code], [d0].[Description], CASE
          WHEN [d0].[IsActive] = CAST(1 AS bit) THEN N'Active'
          ELSE N'Inactive'
      END, (
          SELECT COUNT(*)
          FROM [HiringManagerProfiles] AS [h]
          WHERE [d0].[Id] = [h].[DepartmentId]), (
          SELECT COUNT(*)
          FROM [JobPostings] AS [j]
          WHERE [d0].[Id] = [j].[DepartmentId] AND [j].[Status] = 2 AND ([j].[ClosingAt] IS NULL OR [j].[ClosingAt] > @now)), [d0].[CreatedAt]
      FROM (
          SELECT [d].[Id], [d].[Code], [d].[CreatedAt], [d].[Description], [d].[IsActive], [d].[Name], [d].[OrganizationId]
          FROM [Departments] AS [d]
          ORDER BY [d].[Name]
          OFFSET @p ROWS FETCH NEXT @p1 ROWS ONLY
      ) AS [d0]
      INNER JOIN [Organizations] AS [o] ON [d0].[OrganizationId] = [o].[Id]
      ORDER BY [d0].[Name]
info: Microsoft.EntityFrameworkCore.Database.Command[20101]
      Executed DbCommand (0ms) [Parameters=[@role='?' (DbType = Int32), @code='?' (Size = 150)], CommandType='Text', CommandTimeout='30']
      SELECT CASE
          WHEN EXISTS (
              SELECT 1
              FROM [RolePermissions] AS [r]
              INNER JOIN [Permissions] AS [p] ON [r].[PermissionId] = [p].[Id]
              WHERE [r].[Role] = @role AND [p].[Code] = @code) THEN CAST(1 AS bit)
          ELSE CAST(0 AS bit)
      END
info: Microsoft.EntityFrameworkCore.Database.Command[20101]
      Executed DbCommand (0ms) [Parameters=[@role='?' (DbType = Int32), @code='?' (Size = 150)], CommandType='Text', CommandTimeout='30']
      SELECT CASE
          WHEN EXISTS (
              SELECT 1
              FROM [RolePermissions] AS [r]
              INNER JOIN [Permissions] AS [p] ON [r].[PermissionId] = [p].[Id]
              WHERE [r].[Role] = @role AND [p].[Code] = @code) THEN CAST(1 AS bit)
          ELSE CAST(0 AS bit)
      END
info: Microsoft.EntityFrameworkCore.Database.Command[20101]
      Executed DbCommand (0ms) [Parameters=[@role='?' (DbType = Int32), @code='?' (Size = 150)], CommandType='Text', CommandTimeout='30']
      SELECT CASE
          WHEN EXISTS (
              SELECT 1
              FROM [RolePermissions] AS [r]
              INNER JOIN [Permissions] AS [p] ON [r].[PermissionId] = [p].[Id]
              WHERE [r].[Role] = @role AND [p].[Code] = @code) THEN CAST(1 AS bit)
          ELSE CAST(0 AS bit)
      END
info: Microsoft.EntityFrameworkCore.Database.Command[20101]
      Executed DbCommand (1ms) [Parameters=[], CommandType='Text', CommandTimeout='30']
      SELECT COUNT(*)
      FROM [AuditLogs] AS [a]
info: Microsoft.EntityFrameworkCore.Database.Command[20101]
      Executed DbCommand (1ms) [Parameters=[@role='?' (DbType = Int32), @code='?' (Size = 150)], CommandType='Text', CommandTimeout='30']
      SELECT CASE
          WHEN EXISTS (
              SELECT 1
              FROM [RolePermissions] AS [r]
              INNER JOIN [Permissions] AS [p] ON [r].[PermissionId] = [p].[Id]
              WHERE [r].[Role] = @role AND [p].[Code] = @code) THEN CAST(1 AS bit)
          ELSE CAST(0 AS bit)
      END
info: Microsoft.EntityFrameworkCore.Database.Command[20101]
      Executed DbCommand (0ms) [Parameters=[@p='?' (DbType = Int32), @p1='?' (DbType = Int32)], CommandType='Text', CommandTimeout='30']
      SELECT [a0].[Id], [a0].[UserId], COALESCE([a0].[ActorNameSnapshot], CASE
          WHEN [u].[Id] IS NULL THEN N'System'
          ELSE COALESCE([u].[FirstName], N'') + N' ' + COALESCE([u].[LastName], N'')
      END) AS [Actor], COALESCE([a0].[ActorRoleSnapshot], CASE
          WHEN [u].[Id] IS NULL THEN NULL
          ELSE CASE [u].[Role]
              WHEN 1 THEN N'Candidate'
              WHEN 2 THEN N'Recruiter'
              WHEN 3 THEN N'Administrator'
              WHEN 4 THEN N'HiringManager'
              ELSE ISNULL(CAST([u].[Role] AS nvarchar(max)), N'')
          END
      END) AS [Role], [a0].[Action], [a0].[EntityName], [a0].[EntityId], [a0].[EntityDisplayName], COALESCE([a0].[Description], [a0].[Action] + N' on ' + [a0].[EntityName]) AS [Description], [a0].[Severity], [a0].[IsSuccess], [a0].[IpAddress], [a0].[CreatedAt]
      FROM (
          SELECT [a].[Id], [a].[Action], [a].[ActorNameSnapshot], [a].[ActorRoleSnapshot], [a].[CreatedAt], [a].[Description], [a].[EntityDisplayName], [a].[EntityId], [a].[EntityName], [a].[IpAddress], [a].[IsSuccess], [a].[Severity], [a].[UserId]
          FROM [AuditLogs] AS [a]
          ORDER BY [a].[CreatedAt] DESC
          OFFSET @p ROWS FETCH NEXT @p1 ROWS ONLY
      ) AS [a0]
      LEFT JOIN [Users] AS [u] ON [a0].[UserId] = [u].[Id]
      ORDER BY [a0].[CreatedAt] DESC
info: Microsoft.EntityFrameworkCore.Database.Command[20101]
      Executed DbCommand (1ms) [Parameters=[@role='?' (DbType = Int32), @code='?' (Size = 150)], CommandType='Text', CommandTimeout='30']
      SELECT CASE
          WHEN EXISTS (
              SELECT 1
              FROM [RolePermissions] AS [r]
              INNER JOIN [Permissions] AS [p] ON [r].[PermissionId] = [p].[Id]
              WHERE [r].[Role] = @role AND [p].[Code] = @code) THEN CAST(1 AS bit)
          ELSE CAST(0 AS bit)
      END
info: Microsoft.EntityFrameworkCore.Database.Command[20101]
      Executed DbCommand (0ms) [Parameters=[@role='?' (DbType = Int32), @code='?' (Size = 150)], CommandType='Text', CommandTimeout='30']
      SELECT CASE
          WHEN EXISTS (
              SELECT 1
              FROM [RolePermissions] AS [r]
              INNER JOIN [Permissions] AS [p] ON [r].[PermissionId] = [p].[Id]
              WHERE [r].[Role] = @role AND [p].[Code] = @code) THEN CAST(1 AS bit)
          ELSE CAST(0 AS bit)
      END
info: Microsoft.EntityFrameworkCore.Database.Command[20101]
      Executed DbCommand (1ms) [Parameters=[], CommandType='Text', CommandTimeout='30']
      SELECT [o].[Id], [o].[Name], [o].[Code], [o].[IsActive]
      FROM [Organizations] AS [o]
      ORDER BY [o].[Name]
info: Microsoft.EntityFrameworkCore.Database.Command[20101]
      Executed DbCommand (1ms) [Parameters=[@role='?' (DbType = Int32), @code='?' (Size = 150)], CommandType='Text', CommandTimeout='30']
      SELECT CASE
          WHEN EXISTS (
              SELECT 1
              FROM [RolePermissions] AS [r]
              INNER JOIN [Permissions] AS [p] ON [r].[PermissionId] = [p].[Id]
              WHERE [r].[Role] = @role AND [p].[Code] = @code) THEN CAST(1 AS bit)
          ELSE CAST(0 AS bit)
      END
info: Microsoft.EntityFrameworkCore.Database.Command[20101]
      Executed DbCommand (0ms) [Parameters=[@role='?' (DbType = Int32), @code='?' (Size = 150)], CommandType='Text', CommandTimeout='30']
      SELECT CASE
          WHEN EXISTS (
              SELECT 1
              FROM [RolePermissions] AS [r]
              INNER JOIN [Permissions] AS [p] ON [r].[PermissionId] = [p].[Id]
              WHERE [r].[Role] = @role AND [p].[Code] = @code) THEN CAST(1 AS bit)
          ELSE CAST(0 AS bit)
      END
info: Microsoft.EntityFrameworkCore.Database.Command[20101]
      Executed DbCommand (0ms) [Parameters=[], CommandType='Text', CommandTimeout='30']
      SELECT [o].[Id], [o].[Name], [o].[Code], [o].[IsActive]
      FROM [Organizations] AS [o]
      ORDER BY [o].[Name]
info: Microsoft.EntityFrameworkCore.Database.Command[20101]
      Executed DbCommand (0ms) [Parameters=[@role='?' (DbType = Int32), @code='?' (Size = 150)], CommandType='Text', CommandTimeout='30']
      SELECT CASE
          WHEN EXISTS (
              SELECT 1
              FROM [RolePermissions] AS [r]
              INNER JOIN [Permissions] AS [p] ON [r].[PermissionId] = [p].[Id]
              WHERE [r].[Role] = @role AND [p].[Code] = @code) THEN CAST(1 AS bit)
          ELSE CAST(0 AS bit)
      END
info: Microsoft.EntityFrameworkCore.Database.Command[20101]
      Executed DbCommand (0ms) [Parameters=[@role='?' (DbType = Int32), @code='?' (Size = 150)], CommandType='Text', CommandTimeout='30']
      SELECT CASE
          WHEN EXISTS (
              SELECT 1
              FROM [RolePermissions] AS [r]
              INNER JOIN [Permissions] AS [p] ON [r].[PermissionId] = [p].[Id]
              WHERE [r].[Role] = @role AND [p].[Code] = @code) THEN CAST(1 AS bit)
          ELSE CAST(0 AS bit)
      END
info: Microsoft.EntityFrameworkCore.Database.Command[20101]
      Executed DbCommand (0ms) [Parameters=[@role='?' (DbType = Int32)], CommandType='Text', CommandTimeout='30']
      SELECT COUNT(*)
      FROM [Users] AS [u]
      WHERE [u].[Role] = @role
info: Microsoft.EntityFrameworkCore.Database.Command[20101]
      Executed DbCommand (1ms) [Parameters=[], CommandType='Text', CommandTimeout='30']
      SELECT COUNT(*)
      FROM [JobPostings] AS [j]
info: Microsoft.EntityFrameworkCore.Database.Command[20101]
      Executed DbCommand (0ms) [Parameters=[@role='?' (DbType = Int32), @code='?' (Size = 150)], CommandType='Text', CommandTimeout='30']
      SELECT CASE
          WHEN EXISTS (
              SELECT 1
              FROM [RolePermissions] AS [r]
              INNER JOIN [Permissions] AS [p] ON [r].[PermissionId] = [p].[Id]
              WHERE [r].[Role] = @role AND [p].[Code] = @code) THEN CAST(1 AS bit)
          ELSE CAST(0 AS bit)
      END
info: Microsoft.EntityFrameworkCore.Database.Command[20101]
      Executed DbCommand (0ms) [Parameters=[@role='?' (DbType = Int32), @code='?' (Size = 150)], CommandType='Text', CommandTimeout='30']
      SELECT CASE
          WHEN EXISTS (
              SELECT 1
              FROM [RolePermissions] AS [r]
              INNER JOIN [Permissions] AS [p] ON [r].[PermissionId] = [p].[Id]
              WHERE [r].[Role] = @role AND [p].[Code] = @code) THEN CAST(1 AS bit)
          ELSE CAST(0 AS bit)
      END
info: Microsoft.EntityFrameworkCore.Database.Command[20101]
      Executed DbCommand (1ms) [Parameters=[@f_From='?' (DbType = DateTime2), @f_To='?' (DbType = DateTime2), @f_From3='?' (DbType = DateTime2), @f_To4='?' (DbType = DateTime2)], CommandType='Text', CommandTimeout='30']
      SELECT [a].[DecidedAt], [j1].[AppliedAt]
      FROM [ApplicationHiringDecisions] AS [a]
      INNER JOIN [JobApplications] AS [j1] ON [a].[JobApplicationId] = [j1].[Id]
      WHERE [a].[JobApplicationId] IN (
          SELECT [j].[Id]
          FROM [JobApplications] AS [j]
          WHERE [j].[JobPostingId] IN (
              SELECT [j0].[Id]
              FROM [JobPostings] AS [j0]
          ) AND [j].[AppliedAt] >= @f_From AND [j].[AppliedAt] <= @f_To
      ) AND [a].[Decision] = 2 AND [a].[DecidedAt] >= @f_From3 AND [a].[DecidedAt] <= @f_To4 AND [a].[DecidedAt] >= [j1].[AppliedAt]
info: Microsoft.EntityFrameworkCore.Database.Command[20101]
      Executed DbCommand (1ms) [Parameters=[@role='?' (DbType = Int32), @p='?' (DbType = Int32), @p2='?' (DbType = Int32)], CommandType='Text', CommandTimeout='30']
      SELECT [u0].[Id] AS [UserId], [u0].[FirstName] + N' ' + [u0].[LastName] AS [FullName], [u0].[Email], CASE
          WHEN [u0].[Role] = 3 THEN N'Admin'
          ELSE CASE [u0].[Role]
              WHEN 1 THEN N'Candidate'
              WHEN 2 THEN N'Recruiter'
              WHEN 3 THEN N'Administrator'
              WHEN 4 THEN N'HiringManager'
              ELSE CAST([u0].[Role] AS nvarchar(max))
          END
      END AS [Role], CASE
          WHEN [u0].[IsActive] = CAST(1 AS bit) THEN N'Active'
          ELSE N'Inactive'
      END AS [Status], CASE
          WHEN [r].[Id] IS NOT NULL THEN [o].[Name]
          WHEN [h].[Id] IS NOT NULL THEN [o0].[Name]
      END AS [OrganizationName], CASE
          WHEN [h].[Id] IS NOT NULL AND [d].[Id] IS NOT NULL THEN [d].[Name]
      END AS [DepartmentName], [u0].[CreatedAt]
      FROM (
          SELECT [u].[Id], [u].[CreatedAt], [u].[Email], [u].[FirstName], [u].[IsActive], [u].[LastName], [u].[Role]
          FROM [Users] AS [u]
          WHERE [u].[Role] = @role
          ORDER BY [u].[CreatedAt] DESC
          OFFSET @p ROWS FETCH NEXT @p2 ROWS ONLY
      ) AS [u0]
      LEFT JOIN [RecruiterProfiles] AS [r] ON [u0].[Id] = [r].[UserId]
      LEFT JOIN [Organizations] AS [o] ON [r].[OrganizationId] = [o].[Id]
      LEFT JOIN [HiringManagerProfiles] AS [h] ON [u0].[Id] = [h].[UserId]
      LEFT JOIN [Organizations] AS [o0] ON [h].[OrganizationId] = [o0].[Id]
      LEFT JOIN [Departments] AS [d] ON [h].[DepartmentId] = [d].[Id]
      ORDER BY [u0].[CreatedAt] DESC
info: Microsoft.EntityFrameworkCore.Database.Command[20101]
      Executed DbCommand (0ms) [Parameters=[@f_From='?' (DbType = DateTime2), @f_To='?' (DbType = DateTime2)], CommandType='Text', CommandTimeout='30']
      SELECT [u0].[Year], [u0].[Month], COUNT(CASE
          WHEN [u0].[Role] = 1 THEN 1
      END) AS [C], COUNT(CASE
          WHEN [u0].[Role] = 2 THEN 1
      END) AS [R], COUNT(CASE
          WHEN [u0].[Role] = 4 THEN 1
      END) AS [H], COUNT(CASE
          WHEN [u0].[Role] = 3 THEN 1
      END) AS [A]
      FROM (
          SELECT [u].[Role], DATEPART(year, [u].[CreatedAt]) AS [Year], DATEPART(month, [u].[CreatedAt]) AS [Month]
          FROM [Users] AS [u]
          WHERE [u].[CreatedAt] >= @f_From AND [u].[CreatedAt] <= @f_To
      ) AS [u0]
      GROUP BY [u0].[Year], [u0].[Month]
info: Microsoft.EntityFrameworkCore.Database.Command[20101]
      Executed DbCommand (0ms) [Parameters=[@f_From='?' (DbType = DateTime2), @f_To='?' (DbType = DateTime2)], CommandType='Text', CommandTimeout='30']
      SELECT COUNT(*)
      FROM [JobApplications] AS [j]
      WHERE [j].[JobPostingId] IN (
          SELECT [j0].[Id]
          FROM [JobPostings] AS [j0]
      ) AND [j].[AppliedAt] >= @f_From AND [j].[AppliedAt] <= @f_To
info: Microsoft.EntityFrameworkCore.Database.Command[20101]
      Executed DbCommand (1ms) [Parameters=[@p='?' (DbType = Int32), @p1='?' (DbType = Int32)], CommandType='Text', CommandTimeout='30']
      SELECT [j0].[Id], [j0].[Title], [j0].[OrganizationId], [o].[Name], [j0].[DepartmentId], [d].[Name], [r].[UserId], [u].[FirstName] + N' ' + [u].[LastName], CASE [j0].[Status]
          WHEN 1 THEN N'Draft'
          WHEN 2 THEN N'Published'
          WHEN 3 THEN N'Paused'
          WHEN 4 THEN N'Closed'
          WHEN 5 THEN N'Archived'
          ELSE CAST([j0].[Status] AS nvarchar(max))
      END, [j0].[EmploymentType], [j0].[WorkplaceType], [j0].[Location], (
          SELECT COUNT(*)
          FROM [JobApplications] AS [j1]
          WHERE [j0].[Id] = [j1].[JobPostingId]), [j0].[IsFeatured], [j0].[PublishedAt], [j0].[ClosingAt], [j0].[CreatedAt]
      FROM (
          SELECT [j].[Id], [j].[ClosingAt], [j].[CreatedAt], [j].[DepartmentId], [j].[EmploymentType], [j].[IsFeatured], [j].[Location], [j].[OrganizationId], [j].[PublishedAt], [j].[RecruiterProfileId], [j].[Status], [j].[Title], [j].[WorkplaceType]
          FROM [JobPostings] AS [j]
          ORDER BY [j].[CreatedAt] DESC
          OFFSET @p ROWS FETCH NEXT @p1 ROWS ONLY
      ) AS [j0]
      INNER JOIN [Organizations] AS [o] ON [j0].[OrganizationId] = [o].[Id]
      INNER JOIN [Departments] AS [d] ON [j0].[DepartmentId] = [d].[Id]
      INNER JOIN [RecruiterProfiles] AS [r] ON [j0].[RecruiterProfileId] = [r].[Id]
      INNER JOIN [Users] AS [u] ON [r].[UserId] = [u].[Id]
      ORDER BY [j0].[CreatedAt] DESC
info: Microsoft.EntityFrameworkCore.Database.Command[20101]
      Executed DbCommand (1ms) [Parameters=[@f_From='?' (DbType = DateTime2), @f_To='?' (DbType = DateTime2)], CommandType='Text', CommandTimeout='30']
      SELECT [j0].[Year], [j0].[Month], COUNT(*) AS [N]
      FROM (
          SELECT DATEPART(year, [j].[PublishedAt]) AS [Year], DATEPART(month, [j].[PublishedAt]) AS [Month]
          FROM [JobPostings] AS [j]
          WHERE [j].[PublishedAt] >= @f_From AND [j].[PublishedAt] <= @f_To
      ) AS [j0]
      GROUP BY [j0].[Year], [j0].[Month]
info: Microsoft.EntityFrameworkCore.Database.Command[20101]
      Executed DbCommand (0ms) [Parameters=[@role='?' (DbType = Int32), @code='?' (Size = 150)], CommandType='Text', CommandTimeout='30']
      SELECT CASE
          WHEN EXISTS (
              SELECT 1
              FROM [RolePermissions] AS [r]
              INNER JOIN [Permissions] AS [p] ON [r].[PermissionId] = [p].[Id]
              WHERE [r].[Role] = @role AND [p].[Code] = @code) THEN CAST(1 AS bit)
          ELSE CAST(0 AS bit)
      END
info: Microsoft.EntityFrameworkCore.Database.Command[20101]
      Executed DbCommand (0ms) [Parameters=[@f_From='?' (DbType = DateTime2), @f_To='?' (DbType = DateTime2), @f_From3='?' (DbType = DateTime2), @f_To4='?' (DbType = DateTime2)], CommandType='Text', CommandTimeout='30']
      SELECT COUNT(*)
      FROM [ApplicationHiringDecisions] AS [a]
      WHERE [a].[JobApplicationId] IN (
          SELECT [j].[Id]
          FROM [JobApplications] AS [j]
          WHERE [j].[JobPostingId] IN (
              SELECT [j0].[Id]
              FROM [JobPostings] AS [j0]
          ) AND [j].[AppliedAt] >= @f_From AND [j].[AppliedAt] <= @f_To
      ) AND [a].[Decision] = 2 AND [a].[DecidedAt] >= @f_From3 AND [a].[DecidedAt] <= @f_To4
info: Microsoft.EntityFrameworkCore.Database.Command[20101]
      Executed DbCommand (0ms) [Parameters=[@f_From='?' (DbType = DateTime2), @f_To='?' (DbType = DateTime2)], CommandType='Text', CommandTimeout='30']
      SELECT [j1].[Year], [j1].[Month], COUNT(*) AS [N]
      FROM (
          SELECT DATEPART(year, [j].[AppliedAt]) AS [Year], DATEPART(month, [j].[AppliedAt]) AS [Month]
          FROM [JobApplications] AS [j]
          WHERE [j].[JobPostingId] IN (
              SELECT [j0].[Id]
              FROM [JobPostings] AS [j0]
          ) AND [j].[AppliedAt] >= @f_From AND [j].[AppliedAt] <= @f_To
      ) AS [j1]
      GROUP BY [j1].[Year], [j1].[Month]
info: Microsoft.EntityFrameworkCore.Database.Command[20101]
      Executed DbCommand (0ms) [Parameters=[@f_From='?' (DbType = DateTime2), @f_To='?' (DbType = DateTime2)], CommandType='Text', CommandTimeout='30']
      SELECT COUNT(*)
      FROM [JobApplications] AS [j]
      WHERE [j].[JobPostingId] IN (
          SELECT [j0].[Id]
          FROM [JobPostings] AS [j0]
      ) AND [j].[AppliedAt] >= @f_From AND [j].[AppliedAt] <= @f_To
info: Microsoft.EntityFrameworkCore.Database.Command[20101]
      Executed DbCommand (0ms) [Parameters=[@f_From='?' (DbType = DateTime2), @f_To='?' (DbType = DateTime2), @f_From3='?' (DbType = DateTime2), @f_To4='?' (DbType = DateTime2)], CommandType='Text', CommandTimeout='30']
      SELECT COUNT(*)
      FROM [CandidateEvaluations] AS [c]
      WHERE [c].[JobApplicationId] IN (
          SELECT [j].[Id]
          FROM [JobApplications] AS [j]
          WHERE [j].[JobPostingId] IN (
              SELECT [j0].[Id]
              FROM [JobPostings] AS [j0]
          ) AND [j].[AppliedAt] >= @f_From AND [j].[AppliedAt] <= @f_To
      ) AND [c].[CreatedAt] >= @f_From3 AND [c].[CreatedAt] <= @f_To4
info: Microsoft.EntityFrameworkCore.Database.Command[20101]
      Executed DbCommand (0ms) [Parameters=[@f_From='?' (DbType = DateTime2), @f_To='?' (DbType = DateTime2), @f_From3='?' (DbType = DateTime2), @f_To4='?' (DbType = DateTime2)], CommandType='Text', CommandTimeout='30']
      SELECT AVG([c].[OverallScore])
      FROM [CandidateEvaluations] AS [c]
      WHERE [c].[JobApplicationId] IN (
          SELECT [j].[Id]
          FROM [JobApplications] AS [j]
          WHERE [j].[JobPostingId] IN (
              SELECT [j0].[Id]
              FROM [JobPostings] AS [j0]
          ) AND [j].[AppliedAt] >= @f_From AND [j].[AppliedAt] <= @f_To
      ) AND [c].[CreatedAt] >= @f_From3 AND [c].[CreatedAt] <= @f_To4
info: Microsoft.EntityFrameworkCore.Database.Command[20101]
      Executed DbCommand (1ms) [Parameters=[@role='?' (DbType = Int32), @code='?' (Size = 150)], CommandType='Text', CommandTimeout='30']
      SELECT CASE
          WHEN EXISTS (
              SELECT 1
              FROM [RolePermissions] AS [r]
              INNER JOIN [Permissions] AS [p] ON [r].[PermissionId] = [p].[Id]
              WHERE [r].[Role] = @role AND [p].[Code] = @code) THEN CAST(1 AS bit)
          ELSE CAST(0 AS bit)
      END
info: Microsoft.EntityFrameworkCore.Database.Command[20101]
      Executed DbCommand (1ms) [Parameters=[@role='?' (DbType = Int32), @code='?' (Size = 150)], CommandType='Text', CommandTimeout='30']
      SELECT CASE
          WHEN EXISTS (
              SELECT 1
              FROM [RolePermissions] AS [r]
              INNER JOIN [Permissions] AS [p] ON [r].[PermissionId] = [p].[Id]
              WHERE [r].[Role] = @role AND [p].[Code] = @code) THEN CAST(1 AS bit)
          ELSE CAST(0 AS bit)
      END
info: Microsoft.EntityFrameworkCore.Database.Command[20101]
      Executed DbCommand (1ms) [Parameters=[], CommandType='Text', CommandTimeout='30']
      SELECT COUNT(*)
      FROM [Users] AS [u]
      WHERE [u].[IsActive] = CAST(1 AS bit)
info: Microsoft.EntityFrameworkCore.Database.Command[20101]
      Executed DbCommand (0ms) [Parameters=[@f_From='?' (DbType = DateTime2), @f_To='?' (DbType = DateTime2)], CommandType='Text', CommandTimeout='30']
      SELECT COUNT(*)
      FROM [AuditLogs] AS [a]
      WHERE [a].[CreatedAt] >= @f_From AND [a].[CreatedAt] <= @f_To
info: Microsoft.EntityFrameworkCore.Database.Command[20101]
      Executed DbCommand (4ms) [Parameters=[@f_From='?' (DbType = DateTime2), @f_To='?' (DbType = DateTime2)], CommandType='Text', CommandTimeout='30']
      SELECT COUNT(*)
      FROM [Users] AS [u]
      WHERE [u].[IsActive] = CAST(1 AS bit) AND [u].[CreatedAt] >= @f_From AND [u].[CreatedAt] <= @f_To
info: Microsoft.EntityFrameworkCore.Database.Command[20101]
      Executed DbCommand (6ms) [Parameters=[@role='?' (DbType = Int32), @code='?' (Size = 150)], CommandType='Text', CommandTimeout='30']
      SELECT CASE
          WHEN EXISTS (
              SELECT 1
              FROM [RolePermissions] AS [r]
              INNER JOIN [Permissions] AS [p] ON [r].[PermissionId] = [p].[Id]
              WHERE [r].[Role] = @role AND [p].[Code] = @code) THEN CAST(1 AS bit)
          ELSE CAST(0 AS bit)
      END
info: Microsoft.EntityFrameworkCore.Database.Command[20101]
      Executed DbCommand (5ms) [Parameters=[@f_From='?' (DbType = DateTime2), @f_To='?' (DbType = DateTime2)], CommandType='Text', CommandTimeout='30']
      SELECT [a].[Action], COUNT(*) AS [Count]
      FROM [AuditLogs] AS [a]
      WHERE [a].[CreatedAt] >= @f_From AND [a].[CreatedAt] <= @f_To
      GROUP BY [a].[Action]
info: Microsoft.EntityFrameworkCore.Database.Command[20101]
      Executed DbCommand (1ms) [Parameters=[@role='?' (DbType = Int32), @code='?' (Size = 150)], CommandType='Text', CommandTimeout='30']
      SELECT CASE
          WHEN EXISTS (
              SELECT 1
              FROM [RolePermissions] AS [r]
              INNER JOIN [Permissions] AS [p] ON [r].[PermissionId] = [p].[Id]
              WHERE [r].[Role] = @role AND [p].[Code] = @code) THEN CAST(1 AS bit)
          ELSE CAST(0 AS bit)
      END
fail: Microsoft.AspNetCore.Diagnostics.ExceptionHandlerMiddleware[1]
      An unhandled exception has occurred while executing the request.
      Microsoft.Data.SqlClient.SqlException (0x80131904): A severe error occurred on the current command.  The results, if any, should be discarded.
      Operation cancelled by user.
         at System.Threading.Tasks.ContinuationResultTaskFromResultTask`2.InnerInvoke()
         at System.Threading.ExecutionContext.RunInternal(ExecutionContext executionContext, ContextCallback callback, Object state)
      --- End of stack trace from previous location ---
         at System.Threading.ExecutionContext.RunInternal(ExecutionContext executionContext, ContextCallback callback, Object state)
         at System.Threading.Tasks.Task.ExecuteWithThreadLocal(Task& currentTaskSlot, Thread threadPoolThread)
      --- End of stack trace from previous location ---
         at Microsoft.EntityFrameworkCore.Storage.RelationalCommand.ExecuteReaderAsync(RelationalCommandParameterObject parameterObject, CancellationToken cancellationToken)
         at Microsoft.EntityFrameworkCore.Storage.RelationalCommand.ExecuteReaderAsync(RelationalCommandParameterObject parameterObject, CancellationToken cancellationToken)
         at Microsoft.EntityFrameworkCore.Query.Internal.SingleQueryingEnumerable`1.AsyncEnumerator.InitializeReaderAsync(AsyncEnumerator enumerator, CancellationToken cancellationToken)
         at Microsoft.EntityFrameworkCore.SqlServer.Storage.Internal.SqlServerExecutionStrategy.ExecuteAsync[TState,TResult](TState state, Func`4 operation, Func`4 verifySucceeded, CancellationToken cancellationToken)
         at Microsoft.EntityFrameworkCore.Query.Internal.SingleQueryingEnumerable`1.AsyncEnumerator.MoveNextAsync()
         at Microsoft.EntityFrameworkCore.EntityFrameworkQueryableExtensions.ToListAsync[TSource](IQueryable`1 source, CancellationToken cancellationToken)
         at Microsoft.EntityFrameworkCore.EntityFrameworkQueryableExtensions.ToListAsync[TSource](IQueryable`1 source, CancellationToken cancellationToken)
         at JobOrbit.Infrastructure.Persistence.Repositories.AdminReportRepository.TrendsAsync(AdminReportFilter f, CancellationToken t) in C:\Users\hesha\OneDrive\Desktop\JobOrbitAI\src\JobOrbit.Infrastructure\Persistence\Repositories\AdminReportRepository.cs:line 11
         at JobOrbit.API.Controllers.AdminReportsController.Trends(AdminReportFilter f, CancellationToken t) in C:\Users\hesha\OneDrive\Desktop\JobOrbitAI\src\JobOrbit.API\Controllers\AdminReportsController.cs:line 7
         at Microsoft.AspNetCore.Mvc.Infrastructure.ActionMethodExecutor.TaskOfIActionResultExecutor.Execute(ActionContext actionContext, IActionResultTypeMapper mapper, ObjectMethodExecutor executor, Object controller, Object[] arguments)
         at Microsoft.AspNetCore.Mvc.Infrastructure.ControllerActionInvoker.<InvokeActionMethodAsync>g__Awaited|12_0(ControllerActionInvoker invoker, ValueTask`1 actionResultValueTask)
         at Microsoft.AspNetCore.Mvc.Infrastructure.ControllerActionInvoker.<InvokeNextActionFilterAsync>g__Awaited|10_0(ControllerActionInvoker invoker, Task lastTask, State next, Scope scope, Object state, Boolean isCompleted)
         at Microsoft.AspNetCore.Mvc.Infrastructure.ControllerActionInvoker.Rethrow(ActionExecutedContextSealed context)
         at Microsoft.AspNetCore.Mvc.Infrastructure.ControllerActionInvoker.Next(State& next, Scope& scope, Object& state, Boolean& isCompleted)
         at Microsoft.AspNetCore.Mvc.Infrastructure.ControllerActionInvoker.<InvokeInnerFilterAsync>g__Awaited|13_0(ControllerActionInvoker invoker, Task lastTask, State next, Scope scope, Object state, Boolean isCompleted)
         at Microsoft.AspNetCore.Mvc.Infrastructure.ResourceInvoker.<InvokeFilterPipelineAsync>g__Awaited|20_0(ResourceInvoker invoker, Task lastTask, State next, Scope scope, Object state, Boolean isCompleted)
         at Microsoft.AspNetCore.Mvc.Infrastructure.ResourceInvoker.<InvokeAsync>g__Awaited|17_0(ResourceInvoker invoker, Task task, IDisposable scope)
         at Microsoft.AspNetCore.Mvc.Infrastructure.ResourceInvoker.<InvokeAsync>g__Awaited|17_0(ResourceInvoker invoker, Task task, IDisposable scope)
         at Microsoft.AspNetCore.Authorization.AuthorizationMiddleware.Invoke(HttpContext context)
         at Microsoft.AspNetCore.Authentication.AuthenticationMiddleware.Invoke(HttpContext context)
         at Swashbuckle.AspNetCore.SwaggerUI.SwaggerUIMiddleware.Invoke(HttpContext httpContext)
         at Swashbuckle.AspNetCore.Swagger.SwaggerMiddleware.Invoke(HttpContext httpContext, ISwaggerProvider swaggerProvider)
         at Microsoft.AspNetCore.Diagnostics.ExceptionHandlerMiddlewareImpl.<Invoke>g__Awaited|10_0(ExceptionHandlerMiddlewareImpl middleware, HttpContext context, Task task)
      ClientConnectionId:0bf863d8-4d14-4d3d-932a-e8a4e4df0566
fail: Microsoft.AspNetCore.Diagnostics.ExceptionHandlerMiddleware[1]
      An unhandled exception has occurred while executing the request.
      Microsoft.Data.SqlClient.SqlException (0x80131904): A severe error occurred on the current command.  The results, if any, should be discarded.
      Operation cancelled by user.
         at System.Threading.Tasks.ContinuationResultTaskFromResultTask`2.InnerInvoke()
         at System.Threading.ExecutionContext.RunInternal(ExecutionContext executionContext, ContextCallback callback, Object state)
      --- End of stack trace from previous location ---
         at System.Threading.ExecutionContext.RunInternal(ExecutionContext executionContext, ContextCallback callback, Object state)
         at System.Threading.Tasks.Task.ExecuteWithThreadLocal(Task& currentTaskSlot, Thread threadPoolThread)
      --- End of stack trace from previous location ---
         at Microsoft.EntityFrameworkCore.Storage.RelationalCommand.ExecuteReaderAsync(RelationalCommandParameterObject parameterObject, CancellationToken cancellationToken)
         at Microsoft.EntityFrameworkCore.Storage.RelationalCommand.ExecuteReaderAsync(RelationalCommandParameterObject parameterObject, CancellationToken cancellationToken)
         at Microsoft.EntityFrameworkCore.Query.Internal.SingleQueryingEnumerable`1.AsyncEnumerator.InitializeReaderAsync(AsyncEnumerator enumerator, CancellationToken cancellationToken)
         at Microsoft.EntityFrameworkCore.SqlServer.Storage.Internal.SqlServerExecutionStrategy.ExecuteAsync[TState,TResult](TState state, Func`4 operation, Func`4 verifySucceeded, CancellationToken cancellationToken)
         at Microsoft.EntityFrameworkCore.Query.Internal.SingleQueryingEnumerable`1.AsyncEnumerator.MoveNextAsync()
         at Microsoft.EntityFrameworkCore.Query.ShapedQueryCompilingExpressionVisitor.SingleAsync[TSource](IAsyncEnumerable`1 asyncEnumerable, CancellationToken cancellationToken)
         at Microsoft.EntityFrameworkCore.Query.ShapedQueryCompilingExpressionVisitor.SingleAsync[TSource](IAsyncEnumerable`1 asyncEnumerable, CancellationToken cancellationToken)
         at JobOrbit.Infrastructure.Persistence.Repositories.AdminReportRepository.FunnelAsync(AdminReportFilter f, CancellationToken t) in C:\Users\hesha\OneDrive\Desktop\JobOrbitAI\src\JobOrbit.Infrastructure\Persistence\Repositories\AdminReportRepository.cs:line 12
         at JobOrbit.API.Controllers.AdminReportsController.Funnel(AdminReportFilter f, CancellationToken t) in C:\Users\hesha\OneDrive\Desktop\JobOrbitAI\src\JobOrbit.API\Controllers\AdminReportsController.cs:line 8
         at Microsoft.AspNetCore.Mvc.Infrastructure.ActionMethodExecutor.TaskOfIActionResultExecutor.Execute(ActionContext actionContext, IActionResultTypeMapper mapper, ObjectMethodExecutor executor, Object controller, Object[] arguments)
         at Microsoft.AspNetCore.Mvc.Infrastructure.ControllerActionInvoker.<InvokeActionMethodAsync>g__Awaited|12_0(ControllerActionInvoker invoker, ValueTask`1 actionResultValueTask)
         at Microsoft.AspNetCore.Mvc.Infrastructure.ControllerActionInvoker.<InvokeNextActionFilterAsync>g__Awaited|10_0(ControllerActionInvoker invoker, Task lastTask, State next, Scope scope, Object state, Boolean isCompleted)
         at Microsoft.AspNetCore.Mvc.Infrastructure.ControllerActionInvoker.Rethrow(ActionExecutedContextSealed context)
         at Microsoft.AspNetCore.Mvc.Infrastructure.ControllerActionInvoker.Next(State& next, Scope& scope, Object& state, Boolean& isCompleted)
         at Microsoft.AspNetCore.Mvc.Infrastructure.ControllerActionInvoker.<InvokeInnerFilterAsync>g__Awaited|13_0(ControllerActionInvoker invoker, Task lastTask, State next, Scope scope, Object state, Boolean isCompleted)
         at Microsoft.AspNetCore.Mvc.Infrastructure.ResourceInvoker.<InvokeFilterPipelineAsync>g__Awaited|20_0(ResourceInvoker invoker, Task lastTask, State next, Scope scope, Object state, Boolean isCompleted)
         at Microsoft.AspNetCore.Mvc.Infrastructure.ResourceInvoker.<InvokeAsync>g__Awaited|17_0(ResourceInvoker invoker, Task task, IDisposable scope)
         at Microsoft.AspNetCore.Mvc.Infrastructure.ResourceInvoker.<InvokeAsync>g__Awaited|17_0(ResourceInvoker invoker, Task task, IDisposable scope)
         at Microsoft.AspNetCore.Authorization.AuthorizationMiddleware.Invoke(HttpContext context)
         at Microsoft.AspNetCore.Authentication.AuthenticationMiddleware.Invoke(HttpContext context)
         at Swashbuckle.AspNetCore.SwaggerUI.SwaggerUIMiddleware.Invoke(HttpContext httpContext)
         at Swashbuckle.AspNetCore.Swagger.SwaggerMiddleware.Invoke(HttpContext httpContext, ISwaggerProvider swaggerProvider)
         at Microsoft.AspNetCore.Diagnostics.ExceptionHandlerMiddlewareImpl.<Invoke>g__Awaited|10_0(ExceptionHandlerMiddlewareImpl middleware, HttpContext context, Task task)
      ClientConnectionId:15f2766a-fd9e-4658-966f-a56c93c43f75
info: Microsoft.EntityFrameworkCore.Database.Command[20101]
      Executed DbCommand (0ms) [Parameters=[@role='?' (DbType = Int32), @code='?' (Size = 150)], CommandType='Text', CommandTimeout='30']
      SELECT CASE
          WHEN EXISTS (
              SELECT 1
              FROM [RolePermissions] AS [r]
              INNER JOIN [Permissions] AS [p] ON [r].[PermissionId] = [p].[Id]
              WHERE [r].[Role] = @role AND [p].[Code] = @code) THEN CAST(1 AS bit)
          ELSE CAST(0 AS bit)
      END
info: Microsoft.EntityFrameworkCore.Database.Command[20101]
      Executed DbCommand (0ms) [Parameters=[@role='?' (DbType = Int32), @code='?' (Size = 150)], CommandType='Text', CommandTimeout='30']
      SELECT CASE
          WHEN EXISTS (
              SELECT 1
              FROM [RolePermissions] AS [r]
              INNER JOIN [Permissions] AS [p] ON [r].[PermissionId] = [p].[Id]
              WHERE [r].[Role] = @role AND [p].[Code] = @code) THEN CAST(1 AS bit)
          ELSE CAST(0 AS bit)
      END
info: Microsoft.EntityFrameworkCore.Database.Command[20101]
      Executed DbCommand (0ms) [Parameters=[@role='?' (DbType = Int32)], CommandType='Text', CommandTimeout='30']
      SELECT COUNT(*)
      FROM [Users] AS [u]
      WHERE [u].[Role] = @role
info: Microsoft.EntityFrameworkCore.Database.Command[20101]
      Executed DbCommand (0ms) [Parameters=[], CommandType='Text', CommandTimeout='30']
      SELECT COUNT(*)
      FROM [JobPostings] AS [j]
fail: Microsoft.AspNetCore.Diagnostics.ExceptionHandlerMiddleware[1]
      An unhandled exception has occurred while executing the request.
      Microsoft.Data.SqlClient.SqlException (0x80131904): A severe error occurred on the current command.  The results, if any, should be discarded.
      Operation cancelled by user.
         at System.Threading.Tasks.ContinuationResultTaskFromResultTask`2.InnerInvoke()
         at System.Threading.ExecutionContext.RunInternal(ExecutionContext executionContext, ContextCallback callback, Object state)
      --- End of stack trace from previous location ---
         at System.Threading.ExecutionContext.RunInternal(ExecutionContext executionContext, ContextCallback callback, Object state)
         at System.Threading.Tasks.Task.ExecuteWithThreadLocal(Task& currentTaskSlot, Thread threadPoolThread)
      --- End of stack trace from previous location ---
         at Microsoft.EntityFrameworkCore.Storage.RelationalCommand.ExecuteReaderAsync(RelationalCommandParameterObject parameterObject, CancellationToken cancellationToken)
         at Microsoft.EntityFrameworkCore.Storage.RelationalCommand.ExecuteReaderAsync(RelationalCommandParameterObject parameterObject, CancellationToken cancellationToken)
         at Microsoft.EntityFrameworkCore.Query.Internal.SingleQueryingEnumerable`1.AsyncEnumerator.InitializeReaderAsync(AsyncEnumerator enumerator, CancellationToken cancellationToken)
         at Microsoft.EntityFrameworkCore.SqlServer.Storage.Internal.SqlServerExecutionStrategy.ExecuteAsync[TState,TResult](TState state, Func`4 operation, Func`4 verifySucceeded, CancellationToken cancellationToken)
         at Microsoft.EntityFrameworkCore.Query.Internal.SingleQueryingEnumerable`1.AsyncEnumerator.MoveNextAsync()
         at Microsoft.EntityFrameworkCore.EntityFrameworkQueryableExtensions.ToListAsync[TSource](IQueryable`1 source, CancellationToken cancellationToken)
         at Microsoft.EntityFrameworkCore.EntityFrameworkQueryableExtensions.ToListAsync[TSource](IQueryable`1 source, CancellationToken cancellationToken)
         at JobOrbit.Infrastructure.Persistence.Repositories.AdminReportRepository.TimeToHireAsync(AdminReportFilter f, CancellationToken t) in C:\Users\hesha\OneDrive\Desktop\JobOrbitAI\src\JobOrbit.Infrastructure\Persistence\Repositories\AdminReportRepository.cs:line 15
         at JobOrbit.API.Controllers.AdminReportsController.TimeToHire(AdminReportFilter f, CancellationToken t) in C:\Users\hesha\OneDrive\Desktop\JobOrbitAI\src\JobOrbit.API\Controllers\AdminReportsController.cs:line 11
         at Microsoft.AspNetCore.Mvc.Infrastructure.ActionMethodExecutor.TaskOfIActionResultExecutor.Execute(ActionContext actionContext, IActionResultTypeMapper mapper, ObjectMethodExecutor executor, Object controller, Object[] arguments)
         at Microsoft.AspNetCore.Mvc.Infrastructure.ControllerActionInvoker.<InvokeActionMethodAsync>g__Awaited|12_0(ControllerActionInvoker invoker, ValueTask`1 actionResultValueTask)
         at Microsoft.AspNetCore.Mvc.Infrastructure.ControllerActionInvoker.<InvokeNextActionFilterAsync>g__Awaited|10_0(ControllerActionInvoker invoker, Task lastTask, State next, Scope scope, Object state, Boolean isCompleted)
         at Microsoft.AspNetCore.Mvc.Infrastructure.ControllerActionInvoker.Rethrow(ActionExecutedContextSealed context)
         at Microsoft.AspNetCore.Mvc.Infrastructure.ControllerActionInvoker.Next(State& next, Scope& scope, Object& state, Boolean& isCompleted)
         at Microsoft.AspNetCore.Mvc.Infrastructure.ControllerActionInvoker.<InvokeInnerFilterAsync>g__Awaited|13_0(ControllerActionInvoker invoker, Task lastTask, State next, Scope scope, Object state, Boolean isCompleted)
         at Microsoft.AspNetCore.Mvc.Infrastructure.ResourceInvoker.<InvokeFilterPipelineAsync>g__Awaited|20_0(ResourceInvoker invoker, Task lastTask, State next, Scope scope, Object state, Boolean isCompleted)
         at Microsoft.AspNetCore.Mvc.Infrastructure.ResourceInvoker.<InvokeAsync>g__Awaited|17_0(ResourceInvoker invoker, Task task, IDisposable scope)
         at Microsoft.AspNetCore.Mvc.Infrastructure.ResourceInvoker.<InvokeAsync>g__Awaited|17_0(ResourceInvoker invoker, Task task, IDisposable scope)
         at Microsoft.AspNetCore.Authorization.AuthorizationMiddleware.Invoke(HttpContext context)
         at Microsoft.AspNetCore.Authentication.AuthenticationMiddleware.Invoke(HttpContext context)
         at Swashbuckle.AspNetCore.SwaggerUI.SwaggerUIMiddleware.Invoke(HttpContext httpContext)
         at Swashbuckle.AspNetCore.Swagger.SwaggerMiddleware.Invoke(HttpContext httpContext, ISwaggerProvider swaggerProvider)
         at Microsoft.AspNetCore.Diagnostics.ExceptionHandlerMiddlewareImpl.<Invoke>g__Awaited|10_0(ExceptionHandlerMiddlewareImpl middleware, HttpContext context, Task task)
      ClientConnectionId:1d4cda83-35b8-4d9d-acb6-29e1a670c73b
info: Microsoft.EntityFrameworkCore.Database.Command[20101]
      Executed DbCommand (1ms) [Parameters=[@p='?' (DbType = Int32), @p1='?' (DbType = Int32)], CommandType='Text', CommandTimeout='30']
      SELECT [j0].[Id], [j0].[Title], [j0].[OrganizationId], [o].[Name], [j0].[DepartmentId], [d].[Name], [r].[UserId], [u].[FirstName] + N' ' + [u].[LastName], CASE [j0].[Status]
          WHEN 1 THEN N'Draft'
          WHEN 2 THEN N'Published'
          WHEN 3 THEN N'Paused'
          WHEN 4 THEN N'Closed'
          WHEN 5 THEN N'Archived'
          ELSE CAST([j0].[Status] AS nvarchar(max))
      END, [j0].[EmploymentType], [j0].[WorkplaceType], [j0].[Location], (
          SELECT COUNT(*)
          FROM [JobApplications] AS [j1]
          WHERE [j0].[Id] = [j1].[JobPostingId]), [j0].[IsFeatured], [j0].[PublishedAt], [j0].[ClosingAt], [j0].[CreatedAt]
      FROM (
          SELECT [j].[Id], [j].[ClosingAt], [j].[CreatedAt], [j].[DepartmentId], [j].[EmploymentType], [j].[IsFeatured], [j].[Location], [j].[OrganizationId], [j].[PublishedAt], [j].[RecruiterProfileId], [j].[Status], [j].[Title], [j].[WorkplaceType]
          FROM [JobPostings] AS [j]
          ORDER BY [j].[CreatedAt] DESC
          OFFSET @p ROWS FETCH NEXT @p1 ROWS ONLY
      ) AS [j0]
      INNER JOIN [Organizations] AS [o] ON [j0].[OrganizationId] = [o].[Id]
      INNER JOIN [Departments] AS [d] ON [j0].[DepartmentId] = [d].[Id]
      INNER JOIN [RecruiterProfiles] AS [r] ON [j0].[RecruiterProfileId] = [r].[Id]
      INNER JOIN [Users] AS [u] ON [r].[UserId] = [u].[Id]
      ORDER BY [j0].[CreatedAt] DESC
info: Microsoft.EntityFrameworkCore.Database.Command[20101]
      Executed DbCommand (0ms) [Parameters=[@role='?' (DbType = Int32), @p='?' (DbType = Int32), @p2='?' (DbType = Int32)], CommandType='Text', CommandTimeout='30']
      SELECT [u0].[Id] AS [UserId], [u0].[FirstName] + N' ' + [u0].[LastName] AS [FullName], [u0].[Email], CASE
          WHEN [u0].[Role] = 3 THEN N'Admin'
          ELSE CASE [u0].[Role]
              WHEN 1 THEN N'Candidate'
              WHEN 2 THEN N'Recruiter'
              WHEN 3 THEN N'Administrator'
              WHEN 4 THEN N'HiringManager'
              ELSE CAST([u0].[Role] AS nvarchar(max))
          END
      END AS [Role], CASE
          WHEN [u0].[IsActive] = CAST(1 AS bit) THEN N'Active'
          ELSE N'Inactive'
      END AS [Status], CASE
          WHEN [r].[Id] IS NOT NULL THEN [o].[Name]
          WHEN [h].[Id] IS NOT NULL THEN [o0].[Name]
      END AS [OrganizationName], CASE
          WHEN [h].[Id] IS NOT NULL AND [d].[Id] IS NOT NULL THEN [d].[Name]
      END AS [DepartmentName], [u0].[CreatedAt]
      FROM (
          SELECT [u].[Id], [u].[CreatedAt], [u].[Email], [u].[FirstName], [u].[IsActive], [u].[LastName], [u].[Role]
          FROM [Users] AS [u]
          WHERE [u].[Role] = @role
          ORDER BY [u].[CreatedAt] DESC
          OFFSET @p ROWS FETCH NEXT @p2 ROWS ONLY
      ) AS [u0]
      LEFT JOIN [RecruiterProfiles] AS [r] ON [u0].[Id] = [r].[UserId]
      LEFT JOIN [Organizations] AS [o] ON [r].[OrganizationId] = [o].[Id]
      LEFT JOIN [HiringManagerProfiles] AS [h] ON [u0].[Id] = [h].[UserId]
      LEFT JOIN [Organizations] AS [o0] ON [h].[OrganizationId] = [o0].[Id]
      LEFT JOIN [Departments] AS [d] ON [h].[DepartmentId] = [d].[Id]
      ORDER BY [u0].[CreatedAt] DESC
info: Microsoft.EntityFrameworkCore.Database.Command[20101]
      Executed DbCommand (0ms) [Parameters=[@userId='?' (DbType = Int32)], CommandType='Text', CommandTimeout='30']
      SELECT TOP(2) [u].[Id], [u].[ApplicationStatusNotifications], [u].[CreatedAt], [u].[Email], [u].[EmailNotifications], [u].[FirstName], [u].[InterviewReminders], [u].[IsActive], [u].[JobRecommendationNotifications], [u].[LastName], [u].[PasswordHash], [u].[Role], [u].[UpdatedAt]
      FROM [Users] AS [u]
      WHERE [u].[Id] = @userId
info: Microsoft.EntityFrameworkCore.Database.Command[20101]
      Executed DbCommand (1ms) [Parameters=[@userId='?' (DbType = Int32)], CommandType='Text', CommandTimeout='30']
      SELECT TOP(2) [u].[Id], [u].[ApplicationStatusNotifications], [u].[CreatedAt], [u].[Email], [u].[EmailNotifications], [u].[FirstName], [u].[InterviewReminders], [u].[IsActive], [u].[JobRecommendationNotifications], [u].[LastName], [u].[PasswordHash], [u].[Role], [u].[UpdatedAt]
      FROM [Users] AS [u]
      WHERE [u].[Id] = @userId
info: Microsoft.EntityFrameworkCore.Database.Command[20101]
      Executed DbCommand (0ms) [Parameters=[], CommandType='Text', CommandTimeout='30']
      SELECT COUNT(*)
      FROM [Users] AS [u]
info: Microsoft.EntityFrameworkCore.Database.Command[20101]
      Executed DbCommand (0ms) [Parameters=[], CommandType='Text', CommandTimeout='30']
      SELECT COUNT(*)
      FROM [Users] AS [u]
      WHERE [u].[Role] = 1
info: Microsoft.EntityFrameworkCore.Database.Command[20101]
      Executed DbCommand (0ms) [Parameters=[], CommandType='Text', CommandTimeout='30']
      SELECT COUNT(*)
      FROM [Users] AS [u]
      WHERE [u].[Role] = 2
info: Microsoft.EntityFrameworkCore.Database.Command[20101]
      Executed DbCommand (0ms) [Parameters=[], CommandType='Text', CommandTimeout='30']
      SELECT COUNT(*)
      FROM [Users] AS [u]
      WHERE [u].[Role] = 4
info: Microsoft.EntityFrameworkCore.Database.Command[20101]
      Executed DbCommand (1ms) [Parameters=[@f='?' (DbType = DateTime2), @to='?' (DbType = DateTime2)], CommandType='Text', CommandTimeout='30']
      SELECT [u0].[Year], [u0].[Month], COUNT(CASE
          WHEN [u0].[Role] = 1 THEN 1
      END) AS [Candidates], COUNT(CASE
          WHEN [u0].[Role] = 2 THEN 1
      END) AS [Recruiters], COUNT(CASE
          WHEN [u0].[Role] = 4 THEN 1
      END) AS [Managers], COUNT(CASE
          WHEN [u0].[Role] = 3 THEN 1
      END) AS [Admins]
      FROM (
          SELECT [u].[Role], DATEPART(year, [u].[CreatedAt]) AS [Year], DATEPART(month, [u].[CreatedAt]) AS [Month]
          FROM [Users] AS [u]
          WHERE [u].[CreatedAt] >= @f AND [u].[CreatedAt] <= @to
      ) AS [u0]
      GROUP BY [u0].[Year], [u0].[Month]
info: Microsoft.EntityFrameworkCore.Database.Command[20101]
      Executed DbCommand (0ms) [Parameters=[], CommandType='Text', CommandTimeout='30']
      SELECT COUNT(*)
      FROM [JobPostings] AS [j]
      WHERE [j].[Status] = 2 AND ([j].[ClosingAt] IS NULL OR [j].[ClosingAt] > GETUTCDATE())
info: Microsoft.EntityFrameworkCore.Database.Command[20101]
      Executed DbCommand (0ms) [Parameters=[], CommandType='Text', CommandTimeout='30']
      SELECT COUNT(*)
      FROM [JobApplications] AS [j]
info: Microsoft.EntityFrameworkCore.Database.Command[20101]
      Executed DbCommand (1ms) [Parameters=[], CommandType='Text', CommandTimeout='30']
      SELECT COUNT(*)
      FROM [Interviews] AS [i]
      WHERE [i].[Status] <> 3
info: Microsoft.EntityFrameworkCore.Database.Command[20101]
      Executed DbCommand (0ms) [Parameters=[], CommandType='Text', CommandTimeout='30']
      SELECT [j].[Status] AS [Key], COUNT(*) AS [Count]
      FROM [JobApplications] AS [j]
      GROUP BY [j].[Status]
info: Microsoft.EntityFrameworkCore.Database.Command[20101]
      Executed DbCommand (0ms) [Parameters=[], CommandType='Text', CommandTimeout='30']
      SELECT COUNT(*)
      FROM [JobApplications] AS [j]
      WHERE [j].[Status] = 6
info: Microsoft.EntityFrameworkCore.Database.Command[20101]
      Executed DbCommand (0ms) [Parameters=[], CommandType='Text', CommandTimeout='30']
      SELECT COUNT(*)
      FROM [Organizations] AS [o]
info: Microsoft.EntityFrameworkCore.Database.Command[20101]
      Executed DbCommand (0ms) [Parameters=[@from='?' (DbType = DateTime2)], CommandType='Text', CommandTimeout='30']
      SELECT [j0].[Year], [j0].[Month], COUNT(*) AS [Count]
      FROM (
          SELECT DATEPART(year, [j].[AppliedAt]) AS [Year], DATEPART(month, [j].[AppliedAt]) AS [Month]
          FROM [JobApplications] AS [j]
          WHERE [j].[AppliedAt] >= @from
      ) AS [j0]
      GROUP BY [j0].[Year], [j0].[Month]
info: Microsoft.EntityFrameworkCore.Database.Command[20101]
      Executed DbCommand (0ms) [Parameters=[@p='?' (DbType = Int32)], CommandType='Text', CommandTimeout='30']
      SELECT [a0].[Id] AS [ActivityId], [a0].[Action], COALESCE([a0].[Description], [a0].[Action] + N' on ' + [a0].[EntityName]) AS [Description], COALESCE([a0].[ActorNameSnapshot], CASE
          WHEN [u].[Id] IS NULL THEN N'System'
          ELSE COALESCE([u].[FirstName], N'') + N' ' + COALESCE([u].[LastName], N'')
      END) AS [ActorName], COALESCE([a0].[ActorRoleSnapshot], CASE
          WHEN [u].[Id] IS NULL THEN NULL
          ELSE CASE [u].[Role]
              WHEN 1 THEN N'Candidate'
              WHEN 2 THEN N'Recruiter'
              WHEN 3 THEN N'Administrator'
              WHEN 4 THEN N'HiringManager'
              ELSE ISNULL(CAST([u].[Role] AS nvarchar(max)), N'')
          END
      END) AS [ActorRole], [a0].[EntityName] AS [EntityType], CASE [a0].[Severity]
          WHEN 1 THEN N'Information'
          WHEN 2 THEN N'Warning'
          WHEN 3 THEN N'Critical'
          ELSE CAST([a0].[Severity] AS nvarchar(max))
      END AS [Severity], [a0].[CreatedAt] AS [OccurredAt]
      FROM (
          SELECT TOP(@p) [a].[Id], [a].[Action], [a].[ActorNameSnapshot], [a].[ActorRoleSnapshot], [a].[CreatedAt], [a].[Description], [a].[EntityName], [a].[Severity], [a].[UserId]
          FROM [AuditLogs] AS [a]
          ORDER BY [a].[CreatedAt] DESC
      ) AS [a0]
      LEFT JOIN [Users] AS [u] ON [a0].[UserId] = [u].[Id]
      ORDER BY [a0].[CreatedAt] DESC
info: Microsoft.EntityFrameworkCore.Database.Command[20101]
      Executed DbCommand (0ms) [Parameters=[@month='?' (DbType = DateTime2)], CommandType='Text', CommandTimeout='30']
      SELECT COUNT(*)
      FROM [Users] AS [u]
      WHERE [u].[CreatedAt] >= @month
info: Microsoft.EntityFrameworkCore.Database.Command[20101]
      Executed DbCommand (0ms) [Parameters=[], CommandType='Text', CommandTimeout='30']
      SELECT COUNT(*)
      FROM [JobApplications] AS [j]
info: Microsoft.EntityFrameworkCore.Database.Command[20101]
      Executed DbCommand (1ms) [Parameters=[], CommandType='Text', CommandTimeout='30']
      SELECT 1
info: Microsoft.EntityFrameworkCore.Database.Command[20101]
      Executed DbCommand (0ms) [Parameters=[], CommandType='Text', CommandTimeout='30']
      SELECT COUNT(*)
      FROM [Users] AS [u]
info: Microsoft.EntityFrameworkCore.Database.Command[20101]
      Executed DbCommand (0ms) [Parameters=[], CommandType='Text', CommandTimeout='30']
      SELECT COUNT(*)
      FROM [Organizations] AS [o]
info: Microsoft.EntityFrameworkCore.Database.Command[20101]
      Executed DbCommand (0ms) [Parameters=[], CommandType='Text', CommandTimeout='30']
      SELECT COUNT(*)
      FROM [JobPostings] AS [j]
info: Microsoft.EntityFrameworkCore.Database.Command[20101]
      Executed DbCommand (0ms) [Parameters=[], CommandType='Text', CommandTimeout='30']
      SELECT COUNT(*)
      FROM [JobApplications] AS [j]
info: Microsoft.EntityFrameworkCore.Database.Command[20101]
      Executed DbCommand (0ms) [Parameters=[], CommandType='Text', CommandTimeout='30']
      SELECT COUNT(*)
      FROM [Interviews] AS [i]
info: Microsoft.EntityFrameworkCore.Database.Command[20101]
      Executed DbCommand (0ms) [Parameters=[], CommandType='Text', CommandTimeout='30']
      SELECT COUNT(*)
      FROM [CandidateEvaluations] AS [c]
info: Microsoft.EntityFrameworkCore.Database.Command[20101]
      Executed DbCommand (0ms) [Parameters=[@role='?' (DbType = Int32), @code='?' (Size = 150)], CommandType='Text', CommandTimeout='30']
      SELECT CASE
          WHEN EXISTS (
              SELECT 1
              FROM [RolePermissions] AS [r]
              INNER JOIN [Permissions] AS [p] ON [r].[PermissionId] = [p].[Id]
              WHERE [r].[Role] = @role AND [p].[Code] = @code) THEN CAST(1 AS bit)
          ELSE CAST(0 AS bit)
      END
info: Microsoft.EntityFrameworkCore.Database.Command[20101]
      Executed DbCommand (0ms) [Parameters=[@role='?' (DbType = Int32), @code='?' (Size = 150)], CommandType='Text', CommandTimeout='30']
      SELECT CASE
          WHEN EXISTS (
              SELECT 1
              FROM [RolePermissions] AS [r]
              INNER JOIN [Permissions] AS [p] ON [r].[PermissionId] = [p].[Id]
              WHERE [r].[Role] = @role AND [p].[Code] = @code) THEN CAST(1 AS bit)
          ELSE CAST(0 AS bit)
      END
info: Microsoft.EntityFrameworkCore.Database.Command[20101]
      Executed DbCommand (0ms) [Parameters=[@role='?' (DbType = Int32), @code='?' (Size = 150)], CommandType='Text', CommandTimeout='30']
      SELECT CASE
          WHEN EXISTS (
              SELECT 1
              FROM [RolePermissions] AS [r]
              INNER JOIN [Permissions] AS [p] ON [r].[PermissionId] = [p].[Id]
              WHERE [r].[Role] = @role AND [p].[Code] = @code) THEN CAST(1 AS bit)
          ELSE CAST(0 AS bit)
      END
info: Microsoft.EntityFrameworkCore.Database.Command[20101]
      Executed DbCommand (1ms) [Parameters=[], CommandType='Text', CommandTimeout='30']
      SELECT COUNT(*)
      FROM [AuditLogs] AS [a]
info: Microsoft.EntityFrameworkCore.Database.Command[20101]
      Executed DbCommand (1ms) [Parameters=[@role='?' (DbType = Int32), @code='?' (Size = 150)], CommandType='Text', CommandTimeout='30']
      SELECT CASE
          WHEN EXISTS (
              SELECT 1
              FROM [RolePermissions] AS [r]
              INNER JOIN [Permissions] AS [p] ON [r].[PermissionId] = [p].[Id]
              WHERE [r].[Role] = @role AND [p].[Code] = @code) THEN CAST(1 AS bit)
          ELSE CAST(0 AS bit)
      END
info: Microsoft.EntityFrameworkCore.Database.Command[20101]
      Executed DbCommand (0ms) [Parameters=[@role='?' (DbType = Int32), @code='?' (Size = 150)], CommandType='Text', CommandTimeout='30']
      SELECT CASE
          WHEN EXISTS (
              SELECT 1
              FROM [RolePermissions] AS [r]
              INNER JOIN [Permissions] AS [p] ON [r].[PermissionId] = [p].[Id]
              WHERE [r].[Role] = @role AND [p].[Code] = @code) THEN CAST(1 AS bit)
          ELSE CAST(0 AS bit)
      END
info: Microsoft.EntityFrameworkCore.Database.Command[20101]
      Executed DbCommand (1ms) [Parameters=[@p='?' (DbType = Int32), @p1='?' (DbType = Int32)], CommandType='Text', CommandTimeout='30']
      SELECT [a0].[Id], [a0].[UserId], COALESCE([a0].[ActorNameSnapshot], CASE
          WHEN [u].[Id] IS NULL THEN N'System'
          ELSE COALESCE([u].[FirstName], N'') + N' ' + COALESCE([u].[LastName], N'')
      END) AS [Actor], COALESCE([a0].[ActorRoleSnapshot], CASE
          WHEN [u].[Id] IS NULL THEN NULL
          ELSE CASE [u].[Role]
              WHEN 1 THEN N'Candidate'
              WHEN 2 THEN N'Recruiter'
              WHEN 3 THEN N'Administrator'
              WHEN 4 THEN N'HiringManager'
              ELSE ISNULL(CAST([u].[Role] AS nvarchar(max)), N'')
          END
      END) AS [Role], [a0].[Action], [a0].[EntityName], [a0].[EntityId], [a0].[EntityDisplayName], COALESCE([a0].[Description], [a0].[Action] + N' on ' + [a0].[EntityName]) AS [Description], [a0].[Severity], [a0].[IsSuccess], [a0].[IpAddress], [a0].[CreatedAt]
      FROM (
          SELECT [a].[Id], [a].[Action], [a].[ActorNameSnapshot], [a].[ActorRoleSnapshot], [a].[CreatedAt], [a].[Description], [a].[EntityDisplayName], [a].[EntityId], [a].[EntityName], [a].[IpAddress], [a].[IsSuccess], [a].[Severity], [a].[UserId]
          FROM [AuditLogs] AS [a]
          ORDER BY [a].[CreatedAt] DESC
          OFFSET @p ROWS FETCH NEXT @p1 ROWS ONLY
      ) AS [a0]
      LEFT JOIN [Users] AS [u] ON [a0].[UserId] = [u].[Id]
      ORDER BY [a0].[CreatedAt] DESC
info: Microsoft.EntityFrameworkCore.Database.Command[20101]
      Executed DbCommand (0ms) [Parameters=[@role='?' (DbType = Int32), @code='?' (Size = 150)], CommandType='Text', CommandTimeout='30']
      SELECT CASE
          WHEN EXISTS (
              SELECT 1
              FROM [RolePermissions] AS [r]
              INNER JOIN [Permissions] AS [p] ON [r].[PermissionId] = [p].[Id]
              WHERE [r].[Role] = @role AND [p].[Code] = @code) THEN CAST(1 AS bit)
          ELSE CAST(0 AS bit)
      END
info: Microsoft.EntityFrameworkCore.Database.Command[20101]
      Executed DbCommand (0ms) [Parameters=[@role='?' (DbType = Int32), @code='?' (Size = 150)], CommandType='Text', CommandTimeout='30']
      SELECT CASE
          WHEN EXISTS (
              SELECT 1
              FROM [RolePermissions] AS [r]
              INNER JOIN [Permissions] AS [p] ON [r].[PermissionId] = [p].[Id]
              WHERE [r].[Role] = @role AND [p].[Code] = @code) THEN CAST(1 AS bit)
          ELSE CAST(0 AS bit)
      END
info: Microsoft.EntityFrameworkCore.Database.Command[20101]
      Executed DbCommand (0ms) [Parameters=[@role='?' (DbType = Int32), @code='?' (Size = 150)], CommandType='Text', CommandTimeout='30']
      SELECT CASE
          WHEN EXISTS (
              SELECT 1
              FROM [RolePermissions] AS [r]
              INNER JOIN [Permissions] AS [p] ON [r].[PermissionId] = [p].[Id]
              WHERE [r].[Role] = @role AND [p].[Code] = @code) THEN CAST(1 AS bit)
          ELSE CAST(0 AS bit)
      END
info: Microsoft.EntityFrameworkCore.Database.Command[20101]
      Executed DbCommand (0ms) [Parameters=[@role='?' (DbType = Int32), @code='?' (Size = 150)], CommandType='Text', CommandTimeout='30']
      SELECT CASE
          WHEN EXISTS (
              SELECT 1
              FROM [RolePermissions] AS [r]
              INNER JOIN [Permissions] AS [p] ON [r].[PermissionId] = [p].[Id]
              WHERE [r].[Role] = @role AND [p].[Code] = @code) THEN CAST(1 AS bit)
          ELSE CAST(0 AS bit)
      END
info: Microsoft.EntityFrameworkCore.Database.Command[20101]
      Executed DbCommand (0ms) [Parameters=[@role='?' (DbType = Int32)], CommandType='Text', CommandTimeout='30']
      SELECT COUNT(*)
      FROM [Users] AS [u]
      WHERE [u].[Role] = @role
info: Microsoft.EntityFrameworkCore.Database.Command[20101]
      Executed DbCommand (0ms) [Parameters=[], CommandType='Text', CommandTimeout='30']
      SELECT [o].[Id], [o].[Name], [o].[Code], [o].[IsActive]
      FROM [Organizations] AS [o]
      ORDER BY [o].[Name]
info: Microsoft.EntityFrameworkCore.Database.Command[20101]
      Executed DbCommand (0ms) [Parameters=[], CommandType='Text', CommandTimeout='30']
      SELECT COUNT(*)
      FROM [JobPostings] AS [j]
info: Microsoft.EntityFrameworkCore.Database.Command[20101]
      Executed DbCommand (2ms) [Parameters=[@role='?' (DbType = Int32), @p='?' (DbType = Int32), @p2='?' (DbType = Int32)], CommandType='Text', CommandTimeout='30']
      SELECT [u0].[Id] AS [UserId], [u0].[FirstName] + N' ' + [u0].[LastName] AS [FullName], [u0].[Email], CASE
          WHEN [u0].[Role] = 3 THEN N'Admin'
          ELSE CASE [u0].[Role]
              WHEN 1 THEN N'Candidate'
              WHEN 2 THEN N'Recruiter'
              WHEN 3 THEN N'Administrator'
              WHEN 4 THEN N'HiringManager'
              ELSE CAST([u0].[Role] AS nvarchar(max))
          END
      END AS [Role], CASE
          WHEN [u0].[IsActive] = CAST(1 AS bit) THEN N'Active'
          ELSE N'Inactive'
      END AS [Status], CASE
          WHEN [r].[Id] IS NOT NULL THEN [o].[Name]
          WHEN [h].[Id] IS NOT NULL THEN [o0].[Name]
      END AS [OrganizationName], CASE
          WHEN [h].[Id] IS NOT NULL AND [d].[Id] IS NOT NULL THEN [d].[Name]
      END AS [DepartmentName], [u0].[CreatedAt]
      FROM (
          SELECT [u].[Id], [u].[CreatedAt], [u].[Email], [u].[FirstName], [u].[IsActive], [u].[LastName], [u].[Role]
          FROM [Users] AS [u]
          WHERE [u].[Role] = @role
          ORDER BY [u].[CreatedAt] DESC
          OFFSET @p ROWS FETCH NEXT @p2 ROWS ONLY
      ) AS [u0]
      LEFT JOIN [RecruiterProfiles] AS [r] ON [u0].[Id] = [r].[UserId]
      LEFT JOIN [Organizations] AS [o] ON [r].[OrganizationId] = [o].[Id]
      LEFT JOIN [HiringManagerProfiles] AS [h] ON [u0].[Id] = [h].[UserId]
      LEFT JOIN [Organizations] AS [o0] ON [h].[OrganizationId] = [o0].[Id]
      LEFT JOIN [Departments] AS [d] ON [h].[DepartmentId] = [d].[Id]
      ORDER BY [u0].[CreatedAt] DESC
info: Microsoft.EntityFrameworkCore.Database.Command[20101]
      Executed DbCommand (2ms) [Parameters=[@p='?' (DbType = Int32), @p1='?' (DbType = Int32)], CommandType='Text', CommandTimeout='30']
      SELECT [j0].[Id], [j0].[Title], [j0].[OrganizationId], [o].[Name], [j0].[DepartmentId], [d].[Name], [r].[UserId], [u].[FirstName] + N' ' + [u].[LastName], CASE [j0].[Status]
          WHEN 1 THEN N'Draft'
          WHEN 2 THEN N'Published'
          WHEN 3 THEN N'Paused'
          WHEN 4 THEN N'Closed'
          WHEN 5 THEN N'Archived'
          ELSE CAST([j0].[Status] AS nvarchar(max))
      END, [j0].[EmploymentType], [j0].[WorkplaceType], [j0].[Location], (
          SELECT COUNT(*)
          FROM [JobApplications] AS [j1]
          WHERE [j0].[Id] = [j1].[JobPostingId]), [j0].[IsFeatured], [j0].[PublishedAt], [j0].[ClosingAt], [j0].[CreatedAt]
      FROM (
          SELECT [j].[Id], [j].[ClosingAt], [j].[CreatedAt], [j].[DepartmentId], [j].[EmploymentType], [j].[IsFeatured], [j].[Location], [j].[OrganizationId], [j].[PublishedAt], [j].[RecruiterProfileId], [j].[Status], [j].[Title], [j].[WorkplaceType]
          FROM [JobPostings] AS [j]
          ORDER BY [j].[CreatedAt] DESC
          OFFSET @p ROWS FETCH NEXT @p1 ROWS ONLY
      ) AS [j0]
      INNER JOIN [Organizations] AS [o] ON [j0].[OrganizationId] = [o].[Id]
      INNER JOIN [Departments] AS [d] ON [j0].[DepartmentId] = [d].[Id]
      INNER JOIN [RecruiterProfiles] AS [r] ON [j0].[RecruiterProfileId] = [r].[Id]
      INNER JOIN [Users] AS [u] ON [r].[UserId] = [u].[Id]
      ORDER BY [j0].[CreatedAt] DESC
info: Microsoft.EntityFrameworkCore.Database.Command[20101]
      Executed DbCommand (1ms) [Parameters=[@role='?' (DbType = Int32), @code='?' (Size = 150)], CommandType='Text', CommandTimeout='30']
      SELECT CASE
          WHEN EXISTS (
              SELECT 1
              FROM [RolePermissions] AS [r]
              INNER JOIN [Permissions] AS [p] ON [r].[PermissionId] = [p].[Id]
              WHERE [r].[Role] = @role AND [p].[Code] = @code) THEN CAST(1 AS bit)
          ELSE CAST(0 AS bit)
      END
info: Microsoft.EntityFrameworkCore.Database.Command[20101]
      Executed DbCommand (1ms) [Parameters=[], CommandType='Text', CommandTimeout='30']
      SELECT [o].[Id], [o].[Name], [o].[Code], [o].[IsActive]
      FROM [Organizations] AS [o]
      ORDER BY [o].[Name]
info: Microsoft.EntityFrameworkCore.Database.Command[20101]
      Executed DbCommand (1ms) [Parameters=[@role='?' (DbType = Int32), @code='?' (Size = 150)], CommandType='Text', CommandTimeout='30']
      SELECT CASE
          WHEN EXISTS (
              SELECT 1
              FROM [RolePermissions] AS [r]
              INNER JOIN [Permissions] AS [p] ON [r].[PermissionId] = [p].[Id]
              WHERE [r].[Role] = @role AND [p].[Code] = @code) THEN CAST(1 AS bit)
          ELSE CAST(0 AS bit)
      END
info: Microsoft.EntityFrameworkCore.Database.Command[20101]
      Executed DbCommand (1ms) [Parameters=[@role='?' (DbType = Int32), @code='?' (Size = 150)], CommandType='Text', CommandTimeout='30']
      SELECT CASE
          WHEN EXISTS (
              SELECT 1
              FROM [RolePermissions] AS [r]
              INNER JOIN [Permissions] AS [p] ON [r].[PermissionId] = [p].[Id]
              WHERE [r].[Role] = @role AND [p].[Code] = @code) THEN CAST(1 AS bit)
          ELSE CAST(0 AS bit)
      END
info: Microsoft.EntityFrameworkCore.Database.Command[20101]
      Executed DbCommand (2ms) [Parameters=[@role='?' (DbType = Int32)], CommandType='Text', CommandTimeout='30']
      SELECT COUNT(*)
      FROM [Users] AS [u]
      WHERE [u].[Role] = @role
info: Microsoft.EntityFrameworkCore.Database.Command[20101]
      Executed DbCommand (3ms) [Parameters=[], CommandType='Text', CommandTimeout='30']
      SELECT COUNT(*)
      FROM [JobPostings] AS [j]
info: Microsoft.EntityFrameworkCore.Database.Command[20101]
      Executed DbCommand (1ms) [Parameters=[@role='?' (DbType = Int32), @p='?' (DbType = Int32), @p2='?' (DbType = Int32)], CommandType='Text', CommandTimeout='30']
      SELECT [u0].[Id] AS [UserId], [u0].[FirstName] + N' ' + [u0].[LastName] AS [FullName], [u0].[Email], CASE
          WHEN [u0].[Role] = 3 THEN N'Admin'
          ELSE CASE [u0].[Role]
              WHEN 1 THEN N'Candidate'
              WHEN 2 THEN N'Recruiter'
              WHEN 3 THEN N'Administrator'
              WHEN 4 THEN N'HiringManager'
              ELSE CAST([u0].[Role] AS nvarchar(max))
          END
      END AS [Role], CASE
          WHEN [u0].[IsActive] = CAST(1 AS bit) THEN N'Active'
          ELSE N'Inactive'
      END AS [Status], CASE
          WHEN [r].[Id] IS NOT NULL THEN [o].[Name]
          WHEN [h].[Id] IS NOT NULL THEN [o0].[Name]
      END AS [OrganizationName], CASE
          WHEN [h].[Id] IS NOT NULL AND [d].[Id] IS NOT NULL THEN [d].[Name]
      END AS [DepartmentName], [u0].[CreatedAt]
      FROM (
          SELECT [u].[Id], [u].[CreatedAt], [u].[Email], [u].[FirstName], [u].[IsActive], [u].[LastName], [u].[Role]
          FROM [Users] AS [u]
          WHERE [u].[Role] = @role
          ORDER BY [u].[CreatedAt] DESC
          OFFSET @p ROWS FETCH NEXT @p2 ROWS ONLY
      ) AS [u0]
      LEFT JOIN [RecruiterProfiles] AS [r] ON [u0].[Id] = [r].[UserId]
      LEFT JOIN [Organizations] AS [o] ON [r].[OrganizationId] = [o].[Id]
      LEFT JOIN [HiringManagerProfiles] AS [h] ON [u0].[Id] = [h].[UserId]
      LEFT JOIN [Organizations] AS [o0] ON [h].[OrganizationId] = [o0].[Id]
      LEFT JOIN [Departments] AS [d] ON [h].[DepartmentId] = [d].[Id]
      ORDER BY [u0].[CreatedAt] DESC
info: Microsoft.EntityFrameworkCore.Database.Command[20101]
      Executed DbCommand (4ms) [Parameters=[@p='?' (DbType = Int32), @p1='?' (DbType = Int32)], CommandType='Text', CommandTimeout='30']
      SELECT [j0].[Id], [j0].[Title], [j0].[OrganizationId], [o].[Name], [j0].[DepartmentId], [d].[Name], [r].[UserId], [u].[FirstName] + N' ' + [u].[LastName], CASE [j0].[Status]
          WHEN 1 THEN N'Draft'
          WHEN 2 THEN N'Published'
          WHEN 3 THEN N'Paused'
          WHEN 4 THEN N'Closed'
          WHEN 5 THEN N'Archived'
          ELSE CAST([j0].[Status] AS nvarchar(max))
      END, [j0].[EmploymentType], [j0].[WorkplaceType], [j0].[Location], (
          SELECT COUNT(*)
          FROM [JobApplications] AS [j1]
          WHERE [j0].[Id] = [j1].[JobPostingId]), [j0].[IsFeatured], [j0].[PublishedAt], [j0].[ClosingAt], [j0].[CreatedAt]
      FROM (
          SELECT [j].[Id], [j].[ClosingAt], [j].[CreatedAt], [j].[DepartmentId], [j].[EmploymentType], [j].[IsFeatured], [j].[Location], [j].[OrganizationId], [j].[PublishedAt], [j].[RecruiterProfileId], [j].[Status], [j].[Title], [j].[WorkplaceType]
          FROM [JobPostings] AS [j]
          ORDER BY [j].[CreatedAt] DESC
          OFFSET @p ROWS FETCH NEXT @p1 ROWS ONLY
      ) AS [j0]
      INNER JOIN [Organizations] AS [o] ON [j0].[OrganizationId] = [o].[Id]
      INNER JOIN [Departments] AS [d] ON [j0].[DepartmentId] = [d].[Id]
      INNER JOIN [RecruiterProfiles] AS [r] ON [j0].[RecruiterProfileId] = [r].[Id]
      INNER JOIN [Users] AS [u] ON [r].[UserId] = [u].[Id]
      ORDER BY [j0].[CreatedAt] DESC
info: Microsoft.EntityFrameworkCore.Database.Command[20101]
      Executed DbCommand (0ms) [Parameters=[], CommandType='Text', CommandTimeout='30']
      SELECT COUNT(*)
      FROM [JobApplications] AS [j]
info: Microsoft.EntityFrameworkCore.Database.Command[20101]
      Executed DbCommand (22ms) [Parameters=[@p='?' (DbType = Int32), @p1='?' (DbType = Int32)], CommandType='Text', CommandTimeout='30']
      SELECT [j0].[Id], [j0].[CandidateProfileId], [u].[FirstName] + N' ' + [u].[LastName], [u].[Email], [j0].[JobPostingId], [j1].[Title], [j1].[OrganizationId], [o].[Name], [j1].[DepartmentId], [d].[Name], [r].[UserId], [u0].[FirstName] + N' ' + [u0].[LastName], CASE [j0].[Status]
          WHEN 1 THEN N'Submitted'
          WHEN 2 THEN N'UnderReview'
          WHEN 3 THEN N'Shortlisted'
          WHEN 4 THEN N'Interviewing'
          WHEN 5 THEN N'Offered'
          WHEN 6 THEN N'Hired'
          WHEN 7 THEN N'Rejected'
          WHEN 8 THEN N'Withdrawn'
          ELSE CAST([j0].[Status] AS nvarchar(max))
      END, (
          SELECT TOP(1) CASE [i].[Status]
              WHEN 1 THEN N'Scheduled'
              WHEN 2 THEN N'Completed'
              WHEN 3 THEN N'Cancelled'
              WHEN 4 THEN N'Rescheduled'
              WHEN 5 THEN N'NoShow'
              ELSE CAST([i].[Status] AS nvarchar(max))
          END
          FROM [Interviews] AS [i]
          WHERE [j0].[Id] = [i].[JobApplicationId]
          ORDER BY [i].[ScheduledAt] DESC), CASE
          WHEN EXISTS (
              SELECT 1
              FROM [CandidateEvaluations] AS [c0]
              WHERE [j0].[Id] = [c0].[JobApplicationId]) THEN N'Completed'
          ELSE N'Pending'
      END, CASE
          WHEN [a].[Id] IS NULL THEN N'Pending'
          ELSE CASE [a].[Decision]
              WHEN 1 THEN N'Hold'
              WHEN 2 THEN N'Hire'
              WHEN 3 THEN N'Reject'
              ELSE ISNULL(CAST([a].[Decision] AS nvarchar(max)), N'')
          END
      END, [j0].[AppliedAt], [j0].[UpdatedAt], [j0].[ResumeId]
      FROM (
          SELECT [j].[Id], [j].[AppliedAt], [j].[CandidateProfileId], [j].[JobPostingId], [j].[ResumeId], [j].[Status], [j].[UpdatedAt]
          FROM [JobApplications] AS [j]
          ORDER BY [j].[AppliedAt] DESC
          OFFSET @p ROWS FETCH NEXT @p1 ROWS ONLY
      ) AS [j0]
      INNER JOIN [CandidateProfiles] AS [c] ON [j0].[CandidateProfileId] = [c].[Id]
      INNER JOIN [Users] AS [u] ON [c].[UserId] = [u].[Id]
      INNER JOIN [JobPostings] AS [j1] ON [j0].[JobPostingId] = [j1].[Id]
      INNER JOIN [Organizations] AS [o] ON [j1].[OrganizationId] = [o].[Id]
      INNER JOIN [Departments] AS [d] ON [j1].[DepartmentId] = [d].[Id]
      INNER JOIN [RecruiterProfiles] AS [r] ON [j1].[RecruiterProfileId] = [r].[Id]
      INNER JOIN [Users] AS [u0] ON [r].[UserId] = [u0].[Id]
      LEFT JOIN [ApplicationHiringDecisions] AS [a] ON [j0].[Id] = [a].[JobApplicationId]
      ORDER BY [j0].[AppliedAt] DESC
info: Microsoft.EntityFrameworkCore.Database.Command[20101]
      Executed DbCommand (0ms) [Parameters=[@role='?' (DbType = Int32), @code='?' (Size = 150)], CommandType='Text', CommandTimeout='30']
      SELECT CASE
          WHEN EXISTS (
              SELECT 1
              FROM [RolePermissions] AS [r]
              INNER JOIN [Permissions] AS [p] ON [r].[PermissionId] = [p].[Id]
              WHERE [r].[Role] = @role AND [p].[Code] = @code) THEN CAST(1 AS bit)
          ELSE CAST(0 AS bit)
      END
info: Microsoft.EntityFrameworkCore.Database.Command[20101]
      Executed DbCommand (0ms) [Parameters=[@role='?' (DbType = Int32), @code='?' (Size = 150)], CommandType='Text', CommandTimeout='30']
      SELECT CASE
          WHEN EXISTS (
              SELECT 1
              FROM [RolePermissions] AS [r]
              INNER JOIN [Permissions] AS [p] ON [r].[PermissionId] = [p].[Id]
              WHERE [r].[Role] = @role AND [p].[Code] = @code) THEN CAST(1 AS bit)
          ELSE CAST(0 AS bit)
      END
info: Microsoft.EntityFrameworkCore.Database.Command[20101]
      Executed DbCommand (0ms) [Parameters=[], CommandType='Text', CommandTimeout='30']
      SELECT [o].[Id], [o].[Name], [o].[Code], [o].[IsActive]
      FROM [Organizations] AS [o]
      ORDER BY [o].[Name]
info: Microsoft.EntityFrameworkCore.Database.Command[20101]
      Executed DbCommand (0ms) [Parameters=[@role='?' (DbType = Int32)], CommandType='Text', CommandTimeout='30']
      SELECT COUNT(*)
      FROM [Users] AS [u]
      WHERE [u].[Role] = @role
info: Microsoft.EntityFrameworkCore.Database.Command[20101]
      Executed DbCommand (0ms) [Parameters=[@role='?' (DbType = Int32), @code='?' (Size = 150)], CommandType='Text', CommandTimeout='30']
      SELECT CASE
          WHEN EXISTS (
              SELECT 1
              FROM [RolePermissions] AS [r]
              INNER JOIN [Permissions] AS [p] ON [r].[PermissionId] = [p].[Id]
              WHERE [r].[Role] = @role AND [p].[Code] = @code) THEN CAST(1 AS bit)
          ELSE CAST(0 AS bit)
      END
info: Microsoft.EntityFrameworkCore.Database.Command[20101]
      Executed DbCommand (0ms) [Parameters=[], CommandType='Text', CommandTimeout='30']
      SELECT COUNT(*)
      FROM [JobPostings] AS [j]
info: Microsoft.EntityFrameworkCore.Database.Command[20101]
      Executed DbCommand (1ms) [Parameters=[@role='?' (DbType = Int32), @p='?' (DbType = Int32), @p2='?' (DbType = Int32)], CommandType='Text', CommandTimeout='30']
      SELECT [u0].[Id] AS [UserId], [u0].[FirstName] + N' ' + [u0].[LastName] AS [FullName], [u0].[Email], CASE
          WHEN [u0].[Role] = 3 THEN N'Admin'
          ELSE CASE [u0].[Role]
              WHEN 1 THEN N'Candidate'
              WHEN 2 THEN N'Recruiter'
              WHEN 3 THEN N'Administrator'
              WHEN 4 THEN N'HiringManager'
              ELSE CAST([u0].[Role] AS nvarchar(max))
          END
      END AS [Role], CASE
          WHEN [u0].[IsActive] = CAST(1 AS bit) THEN N'Active'
          ELSE N'Inactive'
      END AS [Status], CASE
          WHEN [r].[Id] IS NOT NULL THEN [o].[Name]
          WHEN [h].[Id] IS NOT NULL THEN [o0].[Name]
      END AS [OrganizationName], CASE
          WHEN [h].[Id] IS NOT NULL AND [d].[Id] IS NOT NULL THEN [d].[Name]
      END AS [DepartmentName], [u0].[CreatedAt]
      FROM (
          SELECT [u].[Id], [u].[CreatedAt], [u].[Email], [u].[FirstName], [u].[IsActive], [u].[LastName], [u].[Role]
          FROM [Users] AS [u]
          WHERE [u].[Role] = @role
          ORDER BY [u].[CreatedAt] DESC
          OFFSET @p ROWS FETCH NEXT @p2 ROWS ONLY
      ) AS [u0]
      LEFT JOIN [RecruiterProfiles] AS [r] ON [u0].[Id] = [r].[UserId]
      LEFT JOIN [Organizations] AS [o] ON [r].[OrganizationId] = [o].[Id]
      LEFT JOIN [HiringManagerProfiles] AS [h] ON [u0].[Id] = [h].[UserId]
      LEFT JOIN [Organizations] AS [o0] ON [h].[OrganizationId] = [o0].[Id]
      LEFT JOIN [Departments] AS [d] ON [h].[DepartmentId] = [d].[Id]
      ORDER BY [u0].[CreatedAt] DESC
info: Microsoft.EntityFrameworkCore.Database.Command[20101]
      Executed DbCommand (1ms) [Parameters=[@role='?' (DbType = Int32), @code='?' (Size = 150)], CommandType='Text', CommandTimeout='30']
      SELECT CASE
          WHEN EXISTS (
              SELECT 1
              FROM [RolePermissions] AS [r]
              INNER JOIN [Permissions] AS [p] ON [r].[PermissionId] = [p].[Id]
              WHERE [r].[Role] = @role AND [p].[Code] = @code) THEN CAST(1 AS bit)
          ELSE CAST(0 AS bit)
      END
info: Microsoft.EntityFrameworkCore.Database.Command[20101]
      Executed DbCommand (2ms) [Parameters=[@p='?' (DbType = Int32), @p1='?' (DbType = Int32)], CommandType='Text', CommandTimeout='30']
      SELECT [j0].[Id], [j0].[Title], [j0].[OrganizationId], [o].[Name], [j0].[DepartmentId], [d].[Name], [r].[UserId], [u].[FirstName] + N' ' + [u].[LastName], CASE [j0].[Status]
          WHEN 1 THEN N'Draft'
          WHEN 2 THEN N'Published'
          WHEN 3 THEN N'Paused'
          WHEN 4 THEN N'Closed'
          WHEN 5 THEN N'Archived'
          ELSE CAST([j0].[Status] AS nvarchar(max))
      END, [j0].[EmploymentType], [j0].[WorkplaceType], [j0].[Location], (
          SELECT COUNT(*)
          FROM [JobApplications] AS [j1]
          WHERE [j0].[Id] = [j1].[JobPostingId]), [j0].[IsFeatured], [j0].[PublishedAt], [j0].[ClosingAt], [j0].[CreatedAt]
      FROM (
          SELECT [j].[Id], [j].[ClosingAt], [j].[CreatedAt], [j].[DepartmentId], [j].[EmploymentType], [j].[IsFeatured], [j].[Location], [j].[OrganizationId], [j].[PublishedAt], [j].[RecruiterProfileId], [j].[Status], [j].[Title], [j].[WorkplaceType]
          FROM [JobPostings] AS [j]
          ORDER BY [j].[CreatedAt] DESC
          OFFSET @p ROWS FETCH NEXT @p1 ROWS ONLY
      ) AS [j0]
      INNER JOIN [Organizations] AS [o] ON [j0].[OrganizationId] = [o].[Id]
      INNER JOIN [Departments] AS [d] ON [j0].[DepartmentId] = [d].[Id]
      INNER JOIN [RecruiterProfiles] AS [r] ON [j0].[RecruiterProfileId] = [r].[Id]
      INNER JOIN [Users] AS [u] ON [r].[UserId] = [u].[Id]
      ORDER BY [j0].[CreatedAt] DESC
info: Microsoft.EntityFrameworkCore.Database.Command[20101]
      Executed DbCommand (1ms) [Parameters=[], CommandType='Text', CommandTimeout='30']
      SELECT [o].[Id], [o].[Name], [o].[Code], [o].[IsActive]
      FROM [Organizations] AS [o]
      ORDER BY [o].[Name]
info: Microsoft.EntityFrameworkCore.Database.Command[20101]
      Executed DbCommand (0ms) [Parameters=[@role='?' (DbType = Int32), @code='?' (Size = 150)], CommandType='Text', CommandTimeout='30']
      SELECT CASE
          WHEN EXISTS (
              SELECT 1
              FROM [RolePermissions] AS [r]
              INNER JOIN [Permissions] AS [p] ON [r].[PermissionId] = [p].[Id]
              WHERE [r].[Role] = @role AND [p].[Code] = @code) THEN CAST(1 AS bit)
          ELSE CAST(0 AS bit)
      END
info: Microsoft.EntityFrameworkCore.Database.Command[20101]
      Executed DbCommand (0ms) [Parameters=[@role='?' (DbType = Int32)], CommandType='Text', CommandTimeout='30']
      SELECT COUNT(*)
      FROM [Users] AS [u]
      WHERE [u].[Role] = @role
info: Microsoft.EntityFrameworkCore.Database.Command[20101]
      Executed DbCommand (1ms) [Parameters=[@role='?' (DbType = Int32), @p='?' (DbType = Int32), @p2='?' (DbType = Int32)], CommandType='Text', CommandTimeout='30']
      SELECT [u0].[Id] AS [UserId], [u0].[FirstName] + N' ' + [u0].[LastName] AS [FullName], [u0].[Email], CASE
          WHEN [u0].[Role] = 3 THEN N'Admin'
          ELSE CASE [u0].[Role]
              WHEN 1 THEN N'Candidate'
              WHEN 2 THEN N'Recruiter'
              WHEN 3 THEN N'Administrator'
              WHEN 4 THEN N'HiringManager'
              ELSE CAST([u0].[Role] AS nvarchar(max))
          END
      END AS [Role], CASE
          WHEN [u0].[IsActive] = CAST(1 AS bit) THEN N'Active'
          ELSE N'Inactive'
      END AS [Status], CASE
          WHEN [r].[Id] IS NOT NULL THEN [o].[Name]
          WHEN [h].[Id] IS NOT NULL THEN [o0].[Name]
      END AS [OrganizationName], CASE
          WHEN [h].[Id] IS NOT NULL AND [d].[Id] IS NOT NULL THEN [d].[Name]
      END AS [DepartmentName], [u0].[CreatedAt]
      FROM (
          SELECT [u].[Id], [u].[CreatedAt], [u].[Email], [u].[FirstName], [u].[IsActive], [u].[LastName], [u].[Role]
          FROM [Users] AS [u]
          WHERE [u].[Role] = @role
          ORDER BY [u].[CreatedAt] DESC
          OFFSET @p ROWS FETCH NEXT @p2 ROWS ONLY
      ) AS [u0]
      LEFT JOIN [RecruiterProfiles] AS [r] ON [u0].[Id] = [r].[UserId]
      LEFT JOIN [Organizations] AS [o] ON [r].[OrganizationId] = [o].[Id]
      LEFT JOIN [HiringManagerProfiles] AS [h] ON [u0].[Id] = [h].[UserId]
      LEFT JOIN [Organizations] AS [o0] ON [h].[OrganizationId] = [o0].[Id]
      LEFT JOIN [Departments] AS [d] ON [h].[DepartmentId] = [d].[Id]
      ORDER BY [u0].[CreatedAt] DESC
info: Microsoft.EntityFrameworkCore.Database.Command[20101]
      Executed DbCommand (0ms) [Parameters=[@role='?' (DbType = Int32), @code='?' (Size = 150)], CommandType='Text', CommandTimeout='30']
      SELECT CASE
          WHEN EXISTS (
              SELECT 1
              FROM [RolePermissions] AS [r]
              INNER JOIN [Permissions] AS [p] ON [r].[PermissionId] = [p].[Id]
              WHERE [r].[Role] = @role AND [p].[Code] = @code) THEN CAST(1 AS bit)
          ELSE CAST(0 AS bit)
      END
info: Microsoft.EntityFrameworkCore.Database.Command[20101]
      Executed DbCommand (1ms) [Parameters=[], CommandType='Text', CommandTimeout='30']
      SELECT [o].[Id], [o].[Name], [o].[Code], [o].[IsActive]
      FROM [Organizations] AS [o]
      ORDER BY [o].[Name]
info: Microsoft.EntityFrameworkCore.Database.Command[20101]
      Executed DbCommand (0ms) [Parameters=[@role='?' (DbType = Int32), @code='?' (Size = 150)], CommandType='Text', CommandTimeout='30']
      SELECT CASE
          WHEN EXISTS (
              SELECT 1
              FROM [RolePermissions] AS [r]
              INNER JOIN [Permissions] AS [p] ON [r].[PermissionId] = [p].[Id]
              WHERE [r].[Role] = @role AND [p].[Code] = @code) THEN CAST(1 AS bit)
          ELSE CAST(0 AS bit)
      END
info: Microsoft.EntityFrameworkCore.Database.Command[20101]
      Executed DbCommand (0ms) [Parameters=[], CommandType='Text', CommandTimeout='30']
      SELECT COUNT(*)
      FROM [Departments] AS [d]
info: Microsoft.EntityFrameworkCore.Database.Command[20101]
      Executed DbCommand (0ms) [Parameters=[@role='?' (DbType = Int32), @code='?' (Size = 150)], CommandType='Text', CommandTimeout='30']
      SELECT CASE
          WHEN EXISTS (
              SELECT 1
              FROM [RolePermissions] AS [r]
              INNER JOIN [Permissions] AS [p] ON [r].[PermissionId] = [p].[Id]
              WHERE [r].[Role] = @role AND [p].[Code] = @code) THEN CAST(1 AS bit)
          ELSE CAST(0 AS bit)
      END
info: Microsoft.EntityFrameworkCore.Database.Command[20101]
      Executed DbCommand (0ms) [Parameters=[], CommandType='Text', CommandTimeout='30']
      SELECT [o].[Id], [o].[Name], [o].[Code], [o].[IsActive]
      FROM [Organizations] AS [o]
      ORDER BY [o].[Name]
info: Microsoft.EntityFrameworkCore.Database.Command[20101]
      Executed DbCommand (0ms) [Parameters=[@now='?' (DbType = DateTime2), @p='?' (DbType = Int32), @p1='?' (DbType = Int32)], CommandType='Text', CommandTimeout='30']
      SELECT [d0].[Id], [d0].[OrganizationId], [o].[Name], [d0].[Name], [d0].[Code], [d0].[Description], CASE
          WHEN [d0].[IsActive] = CAST(1 AS bit) THEN N'Active'
          ELSE N'Inactive'
      END, (
          SELECT COUNT(*)
          FROM [HiringManagerProfiles] AS [h]
          WHERE [d0].[Id] = [h].[DepartmentId]), (
          SELECT COUNT(*)
          FROM [JobPostings] AS [j]
          WHERE [d0].[Id] = [j].[DepartmentId] AND [j].[Status] = 2 AND ([j].[ClosingAt] IS NULL OR [j].[ClosingAt] > @now)), [d0].[CreatedAt]
      FROM (
          SELECT [d].[Id], [d].[Code], [d].[CreatedAt], [d].[Description], [d].[IsActive], [d].[Name], [d].[OrganizationId]
          FROM [Departments] AS [d]
          ORDER BY [d].[Name]
          OFFSET @p ROWS FETCH NEXT @p1 ROWS ONLY
      ) AS [d0]
      INNER JOIN [Organizations] AS [o] ON [d0].[OrganizationId] = [o].[Id]
      ORDER BY [d0].[Name]
info: Microsoft.EntityFrameworkCore.Database.Command[20101]
      Executed DbCommand (0ms) [Parameters=[@role='?' (DbType = Int32), @code='?' (Size = 150)], CommandType='Text', CommandTimeout='30']
      SELECT CASE
          WHEN EXISTS (
              SELECT 1
              FROM [RolePermissions] AS [r]
              INNER JOIN [Permissions] AS [p] ON [r].[PermissionId] = [p].[Id]
              WHERE [r].[Role] = @role AND [p].[Code] = @code) THEN CAST(1 AS bit)
          ELSE CAST(0 AS bit)
      END
info: Microsoft.EntityFrameworkCore.Database.Command[20101]
      Executed DbCommand (0ms) [Parameters=[@role='?' (DbType = Int32), @code='?' (Size = 150)], CommandType='Text', CommandTimeout='30']
      SELECT CASE
          WHEN EXISTS (
              SELECT 1
              FROM [RolePermissions] AS [r]
              INNER JOIN [Permissions] AS [p] ON [r].[PermissionId] = [p].[Id]
              WHERE [r].[Role] = @role AND [p].[Code] = @code) THEN CAST(1 AS bit)
          ELSE CAST(0 AS bit)
      END
info: Microsoft.EntityFrameworkCore.Database.Command[20101]
      Executed DbCommand (1ms) [Parameters=[@role='?' (DbType = Int32), @code='?' (Size = 150)], CommandType='Text', CommandTimeout='30']
      SELECT CASE
          WHEN EXISTS (
              SELECT 1
              FROM [RolePermissions] AS [r]
              INNER JOIN [Permissions] AS [p] ON [r].[PermissionId] = [p].[Id]
              WHERE [r].[Role] = @role AND [p].[Code] = @code) THEN CAST(1 AS bit)
          ELSE CAST(0 AS bit)
      END
info: Microsoft.EntityFrameworkCore.Database.Command[20101]
      Executed DbCommand (1ms) [Parameters=[], CommandType='Text', CommandTimeout='30']
      SELECT COUNT(*)
      FROM [AuditLogs] AS [a]
info: Microsoft.EntityFrameworkCore.Database.Command[20101]
      Executed DbCommand (0ms) [Parameters=[@role='?' (DbType = Int32), @code='?' (Size = 150)], CommandType='Text', CommandTimeout='30']
      SELECT CASE
          WHEN EXISTS (
              SELECT 1
              FROM [RolePermissions] AS [r]
              INNER JOIN [Permissions] AS [p] ON [r].[PermissionId] = [p].[Id]
              WHERE [r].[Role] = @role AND [p].[Code] = @code) THEN CAST(1 AS bit)
          ELSE CAST(0 AS bit)
      END
info: Microsoft.EntityFrameworkCore.Database.Command[20101]
      Executed DbCommand (0ms) [Parameters=[@role='?' (DbType = Int32), @code='?' (Size = 150)], CommandType='Text', CommandTimeout='30']
      SELECT CASE
          WHEN EXISTS (
              SELECT 1
              FROM [RolePermissions] AS [r]
              INNER JOIN [Permissions] AS [p] ON [r].[PermissionId] = [p].[Id]
              WHERE [r].[Role] = @role AND [p].[Code] = @code) THEN CAST(1 AS bit)
          ELSE CAST(0 AS bit)
      END
info: Microsoft.EntityFrameworkCore.Database.Command[20101]
      Executed DbCommand (1ms) [Parameters=[@p='?' (DbType = Int32), @p1='?' (DbType = Int32)], CommandType='Text', CommandTimeout='30']
      SELECT [a0].[Id], [a0].[UserId], COALESCE([a0].[ActorNameSnapshot], CASE
          WHEN [u].[Id] IS NULL THEN N'System'
          ELSE COALESCE([u].[FirstName], N'') + N' ' + COALESCE([u].[LastName], N'')
      END) AS [Actor], COALESCE([a0].[ActorRoleSnapshot], CASE
          WHEN [u].[Id] IS NULL THEN NULL
          ELSE CASE [u].[Role]
              WHEN 1 THEN N'Candidate'
              WHEN 2 THEN N'Recruiter'
              WHEN 3 THEN N'Administrator'
              WHEN 4 THEN N'HiringManager'
              ELSE ISNULL(CAST([u].[Role] AS nvarchar(max)), N'')
          END
      END) AS [Role], [a0].[Action], [a0].[EntityName], [a0].[EntityId], [a0].[EntityDisplayName], COALESCE([a0].[Description], [a0].[Action] + N' on ' + [a0].[EntityName]) AS [Description], [a0].[Severity], [a0].[IsSuccess], [a0].[IpAddress], [a0].[CreatedAt]
      FROM (
          SELECT [a].[Id], [a].[Action], [a].[ActorNameSnapshot], [a].[ActorRoleSnapshot], [a].[CreatedAt], [a].[Description], [a].[EntityDisplayName], [a].[EntityId], [a].[EntityName], [a].[IpAddress], [a].[IsSuccess], [a].[Severity], [a].[UserId]
          FROM [AuditLogs] AS [a]
          ORDER BY [a].[CreatedAt] DESC
          OFFSET @p ROWS FETCH NEXT @p1 ROWS ONLY
      ) AS [a0]
      LEFT JOIN [Users] AS [u] ON [a0].[UserId] = [u].[Id]
      ORDER BY [a0].[CreatedAt] DESC
info: Microsoft.EntityFrameworkCore.Database.Command[20101]
      Executed DbCommand (1ms) [Parameters=[@role='?' (DbType = Int32), @code='?' (Size = 150)], CommandType='Text', CommandTimeout='30']
      SELECT CASE
          WHEN EXISTS (
              SELECT 1
              FROM [RolePermissions] AS [r]
              INNER JOIN [Permissions] AS [p] ON [r].[PermissionId] = [p].[Id]
              WHERE [r].[Role] = @role AND [p].[Code] = @code) THEN CAST(1 AS bit)
          ELSE CAST(0 AS bit)
      END
info: Microsoft.EntityFrameworkCore.Database.Command[20101]
      Executed DbCommand (0ms) [Parameters=[@role='?' (DbType = Int32), @code='?' (Size = 150)], CommandType='Text', CommandTimeout='30']
      SELECT CASE
          WHEN EXISTS (
              SELECT 1
              FROM [RolePermissions] AS [r]
              INNER JOIN [Permissions] AS [p] ON [r].[PermissionId] = [p].[Id]
              WHERE [r].[Role] = @role AND [p].[Code] = @code) THEN CAST(1 AS bit)
          ELSE CAST(0 AS bit)
      END
info: Microsoft.EntityFrameworkCore.Database.Command[20101]
      Executed DbCommand (0ms) [Parameters=[@role='?' (DbType = Int32)], CommandType='Text', CommandTimeout='30']
      SELECT COUNT(*)
      FROM [Users] AS [u]
      WHERE [u].[Role] = @role
info: Microsoft.EntityFrameworkCore.Database.Command[20101]
      Executed DbCommand (0ms) [Parameters=[], CommandType='Text', CommandTimeout='30']
      SELECT [o].[Id], [o].[Name], [o].[Code], [o].[IsActive]
      FROM [Organizations] AS [o]
      ORDER BY [o].[Name]
info: Microsoft.EntityFrameworkCore.Database.Command[20101]
      Executed DbCommand (1ms) [Parameters=[@role='?' (DbType = Int32), @p='?' (DbType = Int32), @p2='?' (DbType = Int32)], CommandType='Text', CommandTimeout='30']
      SELECT [u0].[Id] AS [UserId], [u0].[FirstName] + N' ' + [u0].[LastName] AS [FullName], [u0].[Email], CASE
          WHEN [u0].[Role] = 3 THEN N'Admin'
          ELSE CASE [u0].[Role]
              WHEN 1 THEN N'Candidate'
              WHEN 2 THEN N'Recruiter'
              WHEN 3 THEN N'Administrator'
              WHEN 4 THEN N'HiringManager'
              ELSE CAST([u0].[Role] AS nvarchar(max))
          END
      END AS [Role], CASE
          WHEN [u0].[IsActive] = CAST(1 AS bit) THEN N'Active'
          ELSE N'Inactive'
      END AS [Status], CASE
          WHEN [r].[Id] IS NOT NULL THEN [o].[Name]
          WHEN [h].[Id] IS NOT NULL THEN [o0].[Name]
      END AS [OrganizationName], CASE
          WHEN [h].[Id] IS NOT NULL AND [d].[Id] IS NOT NULL THEN [d].[Name]
      END AS [DepartmentName], [u0].[CreatedAt]
      FROM (
          SELECT [u].[Id], [u].[CreatedAt], [u].[Email], [u].[FirstName], [u].[IsActive], [u].[LastName], [u].[Role]
          FROM [Users] AS [u]
          WHERE [u].[Role] = @role
          ORDER BY [u].[CreatedAt] DESC
          OFFSET @p ROWS FETCH NEXT @p2 ROWS ONLY
      ) AS [u0]
      LEFT JOIN [RecruiterProfiles] AS [r] ON [u0].[Id] = [r].[UserId]
      LEFT JOIN [Organizations] AS [o] ON [r].[OrganizationId] = [o].[Id]
      LEFT JOIN [HiringManagerProfiles] AS [h] ON [u0].[Id] = [h].[UserId]
      LEFT JOIN [Organizations] AS [o0] ON [h].[OrganizationId] = [o0].[Id]
      LEFT JOIN [Departments] AS [d] ON [h].[DepartmentId] = [d].[Id]
      ORDER BY [u0].[CreatedAt] DESC
info: Microsoft.EntityFrameworkCore.Database.Command[20101]
      Executed DbCommand (1ms) [Parameters=[@role='?' (DbType = Int32), @code='?' (Size = 150)], CommandType='Text', CommandTimeout='30']
      SELECT CASE
          WHEN EXISTS (
              SELECT 1
              FROM [RolePermissions] AS [r]
              INNER JOIN [Permissions] AS [p] ON [r].[PermissionId] = [p].[Id]
              WHERE [r].[Role] = @role AND [p].[Code] = @code) THEN CAST(1 AS bit)
          ELSE CAST(0 AS bit)
      END
info: Microsoft.EntityFrameworkCore.Database.Command[20101]
      Executed DbCommand (0ms) [Parameters=[@role='?' (DbType = Int32), @code='?' (Size = 150)], CommandType='Text', CommandTimeout='30']
      SELECT CASE
          WHEN EXISTS (
              SELECT 1
              FROM [RolePermissions] AS [r]
              INNER JOIN [Permissions] AS [p] ON [r].[PermissionId] = [p].[Id]
              WHERE [r].[Role] = @role AND [p].[Code] = @code) THEN CAST(1 AS bit)
          ELSE CAST(0 AS bit)
      END
info: Microsoft.EntityFrameworkCore.Database.Command[20101]
      Executed DbCommand (0ms) [Parameters=[], CommandType='Text', CommandTimeout='30']
      SELECT [o].[Id], [o].[Name], [o].[Code], [o].[IsActive]
      FROM [Organizations] AS [o]
      ORDER BY [o].[Name]
info: Microsoft.EntityFrameworkCore.Database.Command[20101]
      Executed DbCommand (0ms) [Parameters=[@role='?' (DbType = Int32), @code='?' (Size = 150)], CommandType='Text', CommandTimeout='30']
      SELECT CASE
          WHEN EXISTS (
              SELECT 1
              FROM [RolePermissions] AS [r]
              INNER JOIN [Permissions] AS [p] ON [r].[PermissionId] = [p].[Id]
              WHERE [r].[Role] = @role AND [p].[Code] = @code) THEN CAST(1 AS bit)
          ELSE CAST(0 AS bit)
      END
info: Microsoft.EntityFrameworkCore.Database.Command[20101]
      Executed DbCommand (1ms) [Parameters=[@role='?' (DbType = Int32)], CommandType='Text', CommandTimeout='30']
      SELECT COUNT(*)
      FROM [Users] AS [u]
      WHERE [u].[Role] = @role
info: Microsoft.EntityFrameworkCore.Database.Command[20101]
      Executed DbCommand (1ms) [Parameters=[], CommandType='Text', CommandTimeout='30']
      SELECT COUNT(*)
      FROM [JobPostings] AS [j]
info: Microsoft.EntityFrameworkCore.Database.Command[20101]
      Executed DbCommand (1ms) [Parameters=[@role='?' (DbType = Int32), @code='?' (Size = 150)], CommandType='Text', CommandTimeout='30']
      SELECT CASE
          WHEN EXISTS (
              SELECT 1
              FROM [RolePermissions] AS [r]
              INNER JOIN [Permissions] AS [p] ON [r].[PermissionId] = [p].[Id]
              WHERE [r].[Role] = @role AND [p].[Code] = @code) THEN CAST(1 AS bit)
          ELSE CAST(0 AS bit)
      END
info: Microsoft.EntityFrameworkCore.Database.Command[20101]
      Executed DbCommand (0ms) [Parameters=[@role='?' (DbType = Int32), @code='?' (Size = 150)], CommandType='Text', CommandTimeout='30']
      SELECT CASE
          WHEN EXISTS (
              SELECT 1
              FROM [RolePermissions] AS [r]
              INNER JOIN [Permissions] AS [p] ON [r].[PermissionId] = [p].[Id]
              WHERE [r].[Role] = @role AND [p].[Code] = @code) THEN CAST(1 AS bit)
          ELSE CAST(0 AS bit)
      END
info: Microsoft.EntityFrameworkCore.Database.Command[20101]
      Executed DbCommand (0ms) [Parameters=[@role='?' (DbType = Int32), @code='?' (Size = 150)], CommandType='Text', CommandTimeout='30']
      SELECT CASE
          WHEN EXISTS (
              SELECT 1
              FROM [RolePermissions] AS [r]
              INNER JOIN [Permissions] AS [p] ON [r].[PermissionId] = [p].[Id]
              WHERE [r].[Role] = @role AND [p].[Code] = @code) THEN CAST(1 AS bit)
          ELSE CAST(0 AS bit)
      END
info: Microsoft.EntityFrameworkCore.Database.Command[20101]
      Executed DbCommand (1ms) [Parameters=[@role='?' (DbType = Int32), @p='?' (DbType = Int32), @p2='?' (DbType = Int32)], CommandType='Text', CommandTimeout='30']
      SELECT [u0].[Id] AS [UserId], [u0].[FirstName] + N' ' + [u0].[LastName] AS [FullName], [u0].[Email], CASE
          WHEN [u0].[Role] = 3 THEN N'Admin'
          ELSE CASE [u0].[Role]
              WHEN 1 THEN N'Candidate'
              WHEN 2 THEN N'Recruiter'
              WHEN 3 THEN N'Administrator'
              WHEN 4 THEN N'HiringManager'
              ELSE CAST([u0].[Role] AS nvarchar(max))
          END
      END AS [Role], CASE
          WHEN [u0].[IsActive] = CAST(1 AS bit) THEN N'Active'
          ELSE N'Inactive'
      END AS [Status], CASE
          WHEN [r].[Id] IS NOT NULL THEN [o].[Name]
          WHEN [h].[Id] IS NOT NULL THEN [o0].[Name]
      END AS [OrganizationName], CASE
          WHEN [h].[Id] IS NOT NULL AND [d].[Id] IS NOT NULL THEN [d].[Name]
      END AS [DepartmentName], [u0].[CreatedAt]
      FROM (
          SELECT [u].[Id], [u].[CreatedAt], [u].[Email], [u].[FirstName], [u].[IsActive], [u].[LastName], [u].[Role]
          FROM [Users] AS [u]
          WHERE [u].[Role] = @role
          ORDER BY [u].[CreatedAt] DESC
          OFFSET @p ROWS FETCH NEXT @p2 ROWS ONLY
      ) AS [u0]
      LEFT JOIN [RecruiterProfiles] AS [r] ON [u0].[Id] = [r].[UserId]
      LEFT JOIN [Organizations] AS [o] ON [r].[OrganizationId] = [o].[Id]
      LEFT JOIN [HiringManagerProfiles] AS [h] ON [u0].[Id] = [h].[UserId]
      LEFT JOIN [Organizations] AS [o0] ON [h].[OrganizationId] = [o0].[Id]
      LEFT JOIN [Departments] AS [d] ON [h].[DepartmentId] = [d].[Id]
      ORDER BY [u0].[CreatedAt] DESC
info: Microsoft.EntityFrameworkCore.Database.Command[20101]
      Executed DbCommand (1ms) [Parameters=[@p='?' (DbType = Int32), @p1='?' (DbType = Int32)], CommandType='Text', CommandTimeout='30']
      SELECT [j0].[Id], [j0].[Title], [j0].[OrganizationId], [o].[Name], [j0].[DepartmentId], [d].[Name], [r].[UserId], [u].[FirstName] + N' ' + [u].[LastName], CASE [j0].[Status]
          WHEN 1 THEN N'Draft'
          WHEN 2 THEN N'Published'
          WHEN 3 THEN N'Paused'
          WHEN 4 THEN N'Closed'
          WHEN 5 THEN N'Archived'
          ELSE CAST([j0].[Status] AS nvarchar(max))
      END, [j0].[EmploymentType], [j0].[WorkplaceType], [j0].[Location], (
          SELECT COUNT(*)
          FROM [JobApplications] AS [j1]
          WHERE [j0].[Id] = [j1].[JobPostingId]), [j0].[IsFeatured], [j0].[PublishedAt], [j0].[ClosingAt], [j0].[CreatedAt]
      FROM (
          SELECT [j].[Id], [j].[ClosingAt], [j].[CreatedAt], [j].[DepartmentId], [j].[EmploymentType], [j].[IsFeatured], [j].[Location], [j].[OrganizationId], [j].[PublishedAt], [j].[RecruiterProfileId], [j].[Status], [j].[Title], [j].[WorkplaceType]
          FROM [JobPostings] AS [j]
          ORDER BY [j].[CreatedAt] DESC
          OFFSET @p ROWS FETCH NEXT @p1 ROWS ONLY
      ) AS [j0]
      INNER JOIN [Organizations] AS [o] ON [j0].[OrganizationId] = [o].[Id]
      INNER JOIN [Departments] AS [d] ON [j0].[DepartmentId] = [d].[Id]
      INNER JOIN [RecruiterProfiles] AS [r] ON [j0].[RecruiterProfileId] = [r].[Id]
      INNER JOIN [Users] AS [u] ON [r].[UserId] = [u].[Id]
      ORDER BY [j0].[CreatedAt] DESC
info: Microsoft.EntityFrameworkCore.Database.Command[20101]
      Executed DbCommand (0ms) [Parameters=[@f_From='?' (DbType = DateTime2), @f_To='?' (DbType = DateTime2), @f_From3='?' (DbType = DateTime2), @f_To4='?' (DbType = DateTime2)], CommandType='Text', CommandTimeout='30']
      SELECT [a].[DecidedAt], [j1].[AppliedAt]
      FROM [ApplicationHiringDecisions] AS [a]
      INNER JOIN [JobApplications] AS [j1] ON [a].[JobApplicationId] = [j1].[Id]
      WHERE [a].[JobApplicationId] IN (
          SELECT [j].[Id]
          FROM [JobApplications] AS [j]
          WHERE [j].[JobPostingId] IN (
              SELECT [j0].[Id]
              FROM [JobPostings] AS [j0]
          ) AND [j].[AppliedAt] >= @f_From AND [j].[AppliedAt] <= @f_To
      ) AND [a].[Decision] = 2 AND [a].[DecidedAt] >= @f_From3 AND [a].[DecidedAt] <= @f_To4 AND [a].[DecidedAt] >= [j1].[AppliedAt]
info: Microsoft.EntityFrameworkCore.Database.Command[20101]
      Executed DbCommand (0ms) [Parameters=[@f_From='?' (DbType = DateTime2), @f_To='?' (DbType = DateTime2)], CommandType='Text', CommandTimeout='30']
      SELECT [j0].[Year], [j0].[Month], COUNT(*) AS [N]
      FROM (
          SELECT DATEPART(year, [j].[PublishedAt]) AS [Year], DATEPART(month, [j].[PublishedAt]) AS [Month]
          FROM [JobPostings] AS [j]
          WHERE [j].[PublishedAt] >= @f_From AND [j].[PublishedAt] <= @f_To
      ) AS [j0]
      GROUP BY [j0].[Year], [j0].[Month]
info: Microsoft.EntityFrameworkCore.Database.Command[20101]
      Executed DbCommand (0ms) [Parameters=[@f_From='?' (DbType = DateTime2), @f_To='?' (DbType = DateTime2)], CommandType='Text', CommandTimeout='30']
      SELECT [u0].[Year], [u0].[Month], COUNT(CASE
          WHEN [u0].[Role] = 1 THEN 1
      END) AS [C], COUNT(CASE
          WHEN [u0].[Role] = 2 THEN 1
      END) AS [R], COUNT(CASE
          WHEN [u0].[Role] = 4 THEN 1
      END) AS [H], COUNT(CASE
          WHEN [u0].[Role] = 3 THEN 1
      END) AS [A]
      FROM (
          SELECT [u].[Role], DATEPART(year, [u].[CreatedAt]) AS [Year], DATEPART(month, [u].[CreatedAt]) AS [Month]
          FROM [Users] AS [u]
          WHERE [u].[CreatedAt] >= @f_From AND [u].[CreatedAt] <= @f_To
      ) AS [u0]
      GROUP BY [u0].[Year], [u0].[Month]
info: Microsoft.EntityFrameworkCore.Database.Command[20101]
      Executed DbCommand (0ms) [Parameters=[@role='?' (DbType = Int32), @code='?' (Size = 150)], CommandType='Text', CommandTimeout='30']
      SELECT CASE
          WHEN EXISTS (
              SELECT 1
              FROM [RolePermissions] AS [r]
              INNER JOIN [Permissions] AS [p] ON [r].[PermissionId] = [p].[Id]
              WHERE [r].[Role] = @role AND [p].[Code] = @code) THEN CAST(1 AS bit)
          ELSE CAST(0 AS bit)
      END
info: Microsoft.EntityFrameworkCore.Database.Command[20101]
      Executed DbCommand (0ms) [Parameters=[@f_From='?' (DbType = DateTime2), @f_To='?' (DbType = DateTime2)], CommandType='Text', CommandTimeout='30']
      SELECT COUNT(*)
      FROM [JobApplications] AS [j]
      WHERE [j].[JobPostingId] IN (
          SELECT [j0].[Id]
          FROM [JobPostings] AS [j0]
      ) AND [j].[AppliedAt] >= @f_From AND [j].[AppliedAt] <= @f_To
info: Microsoft.EntityFrameworkCore.Database.Command[20101]
      Executed DbCommand (0ms) [Parameters=[@f_From='?' (DbType = DateTime2), @f_To='?' (DbType = DateTime2)], CommandType='Text', CommandTimeout='30']
      SELECT [j1].[Year], [j1].[Month], COUNT(*) AS [N]
      FROM (
          SELECT DATEPART(year, [j].[AppliedAt]) AS [Year], DATEPART(month, [j].[AppliedAt]) AS [Month]
          FROM [JobApplications] AS [j]
          WHERE [j].[JobPostingId] IN (
              SELECT [j0].[Id]
              FROM [JobPostings] AS [j0]
          ) AND [j].[AppliedAt] >= @f_From AND [j].[AppliedAt] <= @f_To
      ) AS [j1]
      GROUP BY [j1].[Year], [j1].[Month]
info: Microsoft.EntityFrameworkCore.Database.Command[20101]
      Executed DbCommand (0ms) [Parameters=[@f_From='?' (DbType = DateTime2), @f_To='?' (DbType = DateTime2)], CommandType='Text', CommandTimeout='30']
      SELECT COUNT(*)
      FROM [JobApplications] AS [j]
      WHERE [j].[JobPostingId] IN (
          SELECT [j0].[Id]
          FROM [JobPostings] AS [j0]
      ) AND [j].[AppliedAt] >= @f_From AND [j].[AppliedAt] <= @f_To
info: Microsoft.EntityFrameworkCore.Database.Command[20101]
      Executed DbCommand (0ms) [Parameters=[@f_From='?' (DbType = DateTime2), @f_To='?' (DbType = DateTime2), @f_From3='?' (DbType = DateTime2), @f_To4='?' (DbType = DateTime2)], CommandType='Text', CommandTimeout='30']
      SELECT COUNT(*)
      FROM [ApplicationHiringDecisions] AS [a]
      WHERE [a].[JobApplicationId] IN (
          SELECT [j].[Id]
          FROM [JobApplications] AS [j]
          WHERE [j].[JobPostingId] IN (
              SELECT [j0].[Id]
              FROM [JobPostings] AS [j0]
          ) AND [j].[AppliedAt] >= @f_From AND [j].[AppliedAt] <= @f_To
      ) AND [a].[Decision] = 2 AND [a].[DecidedAt] >= @f_From3 AND [a].[DecidedAt] <= @f_To4
info: Microsoft.EntityFrameworkCore.Database.Command[20101]
      Executed DbCommand (0ms) [Parameters=[@f_From='?' (DbType = DateTime2), @f_To='?' (DbType = DateTime2), @f_From3='?' (DbType = DateTime2), @f_To4='?' (DbType = DateTime2)], CommandType='Text', CommandTimeout='30']
      SELECT COUNT(*)
      FROM [CandidateEvaluations] AS [c]
      WHERE [c].[JobApplicationId] IN (
          SELECT [j].[Id]
          FROM [JobApplications] AS [j]
          WHERE [j].[JobPostingId] IN (
              SELECT [j0].[Id]
              FROM [JobPostings] AS [j0]
          ) AND [j].[AppliedAt] >= @f_From AND [j].[AppliedAt] <= @f_To
      ) AND [c].[CreatedAt] >= @f_From3 AND [c].[CreatedAt] <= @f_To4
info: Microsoft.EntityFrameworkCore.Database.Command[20101]
      Executed DbCommand (1ms) [Parameters=[@f_From='?' (DbType = DateTime2), @f_To='?' (DbType = DateTime2), @f_From3='?' (DbType = DateTime2), @f_To4='?' (DbType = DateTime2)], CommandType='Text', CommandTimeout='30']
      SELECT AVG([c].[OverallScore])
      FROM [CandidateEvaluations] AS [c]
      WHERE [c].[JobApplicationId] IN (
          SELECT [j].[Id]
          FROM [JobApplications] AS [j]
          WHERE [j].[JobPostingId] IN (
              SELECT [j0].[Id]
              FROM [JobPostings] AS [j0]
          ) AND [j].[AppliedAt] >= @f_From AND [j].[AppliedAt] <= @f_To
      ) AND [c].[CreatedAt] >= @f_From3 AND [c].[CreatedAt] <= @f_To4
info: Microsoft.EntityFrameworkCore.Database.Command[20101]
      Executed DbCommand (1ms) [Parameters=[@role='?' (DbType = Int32), @code='?' (Size = 150)], CommandType='Text', CommandTimeout='30']
      SELECT CASE
          WHEN EXISTS (
              SELECT 1
              FROM [RolePermissions] AS [r]
              INNER JOIN [Permissions] AS [p] ON [r].[PermissionId] = [p].[Id]
              WHERE [r].[Role] = @role AND [p].[Code] = @code) THEN CAST(1 AS bit)
          ELSE CAST(0 AS bit)
      END
info: Microsoft.EntityFrameworkCore.Database.Command[20101]
      Executed DbCommand (0ms) [Parameters=[], CommandType='Text', CommandTimeout='30']
      SELECT COUNT(*)
      FROM [Users] AS [u]
      WHERE [u].[IsActive] = CAST(1 AS bit)
info: Microsoft.EntityFrameworkCore.Database.Command[20101]
      Executed DbCommand (0ms) [Parameters=[], CommandType='Text', CommandTimeout='30']
      SELECT COUNT(*)
      FROM [Organizations] AS [o]
      WHERE [o].[IsActive] = CAST(1 AS bit)
info: Microsoft.EntityFrameworkCore.Database.Command[20101]
      Executed DbCommand (0ms) [Parameters=[@f_From='?' (DbType = DateTime2), @f_To='?' (DbType = DateTime2)], CommandType='Text', CommandTimeout='30']
      SELECT COUNT(*)
      FROM [Users] AS [u]
      WHERE [u].[IsActive] = CAST(1 AS bit) AND [u].[CreatedAt] >= @f_From AND [u].[CreatedAt] <= @f_To
info: Microsoft.EntityFrameworkCore.Database.Command[20101]
      Executed DbCommand (0ms) [Parameters=[], CommandType='Text', CommandTimeout='30']
      SELECT COUNT(*)
      FROM [Organizations] AS [o]
      WHERE [o].[IsActive] = CAST(1 AS bit)
info: Microsoft.EntityFrameworkCore.Database.Command[20101]
      Executed DbCommand (3ms) [Parameters=[@role='?' (DbType = Int32), @code='?' (Size = 150)], CommandType='Text', CommandTimeout='30']
      SELECT CASE
          WHEN EXISTS (
              SELECT 1
              FROM [RolePermissions] AS [r]
              INNER JOIN [Permissions] AS [p] ON [r].[PermissionId] = [p].[Id]
              WHERE [r].[Role] = @role AND [p].[Code] = @code) THEN CAST(1 AS bit)
          ELSE CAST(0 AS bit)
      END
info: Microsoft.EntityFrameworkCore.Database.Command[20101]
      Executed DbCommand (3ms) [Parameters=[@role='?' (DbType = Int32), @code='?' (Size = 150)], CommandType='Text', CommandTimeout='30']
      SELECT CASE
          WHEN EXISTS (
              SELECT 1
              FROM [RolePermissions] AS [r]
              INNER JOIN [Permissions] AS [p] ON [r].[PermissionId] = [p].[Id]
              WHERE [r].[Role] = @role AND [p].[Code] = @code) THEN CAST(1 AS bit)
          ELSE CAST(0 AS bit)
      END
info: Microsoft.EntityFrameworkCore.Database.Command[20101]
      Executed DbCommand (6ms) [Parameters=[], CommandType='Text', CommandTimeout='30']
      SELECT COUNT(*)
      FROM [JobPostings] AS [j]
      WHERE [j].[Status] = 2 AND ([j].[ClosingAt] IS NULL OR [j].[ClosingAt] > GETUTCDATE())
info: Microsoft.EntityFrameworkCore.Database.Command[20101]
      Executed DbCommand (11ms) [Parameters=[@f_From='?' (DbType = DateTime2), @f_To='?' (DbType = DateTime2)], CommandType='Text', CommandTimeout='30']
      SELECT COUNT(*)
      FROM [JobApplications] AS [j]
      LEFT JOIN [ApplicationHiringDecisions] AS [a] ON [j].[Id] = [a].[JobApplicationId]
      WHERE [j].[JobPostingId] IN (
          SELECT [j0].[Id]
          FROM [JobPostings] AS [j0]
      ) AND [j].[AppliedAt] >= @f_From AND [j].[AppliedAt] <= @f_To AND ([j].[Status] >= 3 OR EXISTS (
          SELECT 1
          FROM [Interviews] AS [i]
          WHERE [j].[Id] = [i].[JobApplicationId]) OR EXISTS (
          SELECT 1
          FROM [CandidateEvaluations] AS [c]
          WHERE [j].[Id] = [c].[JobApplicationId]) OR [a].[Id] IS NOT NULL)
info: Microsoft.EntityFrameworkCore.Database.Command[20101]
      Executed DbCommand (7ms) [Parameters=[@f_From='?' (DbType = DateTime2), @f_To='?' (DbType = DateTime2)], CommandType='Text', CommandTimeout='30']
      SELECT COUNT(*)
      FROM [AuditLogs] AS [a]
      WHERE [a].[CreatedAt] >= @f_From AND [a].[CreatedAt] <= @f_To
info: Microsoft.EntityFrameworkCore.Database.Command[20101]
      Executed DbCommand (1ms) [Parameters=[@role='?' (DbType = Int32), @code='?' (Size = 150)], CommandType='Text', CommandTimeout='30']
      SELECT CASE
          WHEN EXISTS (
              SELECT 1
              FROM [RolePermissions] AS [r]
              INNER JOIN [Permissions] AS [p] ON [r].[PermissionId] = [p].[Id]
              WHERE [r].[Role] = @role AND [p].[Code] = @code) THEN CAST(1 AS bit)
          ELSE CAST(0 AS bit)
      END
info: Microsoft.EntityFrameworkCore.Database.Command[20101]
      Executed DbCommand (0ms) [Parameters=[@role='?' (DbType = Int32), @code='?' (Size = 150)], CommandType='Text', CommandTimeout='30']
      SELECT CASE
          WHEN EXISTS (
              SELECT 1
              FROM [RolePermissions] AS [r]
              INNER JOIN [Permissions] AS [p] ON [r].[PermissionId] = [p].[Id]
              WHERE [r].[Role] = @role AND [p].[Code] = @code) THEN CAST(1 AS bit)
          ELSE CAST(0 AS bit)
      END
info: Microsoft.EntityFrameworkCore.Database.Command[20101]
      Executed DbCommand (0ms) [Parameters=[], CommandType='Text', CommandTimeout='30']
      SELECT COUNT(*)
      FROM [JobPostings] AS [j]
fail: Microsoft.AspNetCore.Diagnostics.ExceptionHandlerMiddleware[1]
      An unhandled exception has occurred while executing the request.
      Microsoft.Data.SqlClient.SqlException (0x80131904): A severe error occurred on the current command.  The results, if any, should be discarded.
      Operation cancelled by user.
         at System.Threading.Tasks.ContinuationResultTaskFromResultTask`2.InnerInvoke()
         at System.Threading.ExecutionContext.RunInternal(ExecutionContext executionContext, ContextCallback callback, Object state)
      --- End of stack trace from previous location ---
         at System.Threading.ExecutionContext.RunInternal(ExecutionContext executionContext, ContextCallback callback, Object state)
         at System.Threading.Tasks.Task.ExecuteWithThreadLocal(Task& currentTaskSlot, Thread threadPoolThread)
      --- End of stack trace from previous location ---
         at Microsoft.EntityFrameworkCore.Storage.RelationalCommand.ExecuteReaderAsync(RelationalCommandParameterObject parameterObject, CancellationToken cancellationToken)
         at Microsoft.EntityFrameworkCore.Storage.RelationalCommand.ExecuteReaderAsync(RelationalCommandParameterObject parameterObject, CancellationToken cancellationToken)
         at Microsoft.EntityFrameworkCore.Query.Internal.SingleQueryingEnumerable`1.AsyncEnumerator.InitializeReaderAsync(AsyncEnumerator enumerator, CancellationToken cancellationToken)
         at Microsoft.EntityFrameworkCore.SqlServer.Storage.Internal.SqlServerExecutionStrategy.ExecuteAsync[TState,TResult](TState state, Func`4 operation, Func`4 verifySucceeded, CancellationToken cancellationToken)
         at Microsoft.EntityFrameworkCore.Query.Internal.SingleQueryingEnumerable`1.AsyncEnumerator.MoveNextAsync()
         at Microsoft.EntityFrameworkCore.EntityFrameworkQueryableExtensions.ToListAsync[TSource](IQueryable`1 source, CancellationToken cancellationToken)
         at Microsoft.EntityFrameworkCore.EntityFrameworkQueryableExtensions.ToListAsync[TSource](IQueryable`1 source, CancellationToken cancellationToken)
         at JobOrbit.Infrastructure.Persistence.Repositories.AdminReportRepository.OrganizationsAsync(AdminReportFilter f, CancellationToken t) in C:\Users\hesha\OneDrive\Desktop\JobOrbitAI\src\JobOrbit.Infrastructure\Persistence\Repositories\AdminReportRepository.cs:line 13
         at JobOrbit.API.Controllers.AdminReportsController.Organizations(AdminReportFilter f, CancellationToken t) in C:\Users\hesha\OneDrive\Desktop\JobOrbitAI\src\JobOrbit.API\Controllers\AdminReportsController.cs:line 9
         at Microsoft.AspNetCore.Mvc.Infrastructure.ActionMethodExecutor.TaskOfIActionResultExecutor.Execute(ActionContext actionContext, IActionResultTypeMapper mapper, ObjectMethodExecutor executor, Object controller, Object[] arguments)
         at Microsoft.AspNetCore.Mvc.Infrastructure.ControllerActionInvoker.<InvokeActionMethodAsync>g__Awaited|12_0(ControllerActionInvoker invoker, ValueTask`1 actionResultValueTask)
         at Microsoft.AspNetCore.Mvc.Infrastructure.ControllerActionInvoker.<InvokeNextActionFilterAsync>g__Awaited|10_0(ControllerActionInvoker invoker, Task lastTask, State next, Scope scope, Object state, Boolean isCompleted)
         at Microsoft.AspNetCore.Mvc.Infrastructure.ControllerActionInvoker.Rethrow(ActionExecutedContextSealed context)
         at Microsoft.AspNetCore.Mvc.Infrastructure.ControllerActionInvoker.Next(State& next, Scope& scope, Object& state, Boolean& isCompleted)
         at Microsoft.AspNetCore.Mvc.Infrastructure.ControllerActionInvoker.<InvokeInnerFilterAsync>g__Awaited|13_0(ControllerActionInvoker invoker, Task lastTask, State next, Scope scope, Object state, Boolean isCompleted)
         at Microsoft.AspNetCore.Mvc.Infrastructure.ResourceInvoker.<InvokeFilterPipelineAsync>g__Awaited|20_0(ResourceInvoker invoker, Task lastTask, State next, Scope scope, Object state, Boolean isCompleted)
         at Microsoft.AspNetCore.Mvc.Infrastructure.ResourceInvoker.<InvokeAsync>g__Awaited|17_0(ResourceInvoker invoker, Task task, IDisposable scope)
         at Microsoft.AspNetCore.Mvc.Infrastructure.ResourceInvoker.<InvokeAsync>g__Awaited|17_0(ResourceInvoker invoker, Task task, IDisposable scope)
         at Microsoft.AspNetCore.Authorization.AuthorizationMiddleware.Invoke(HttpContext context)
         at Microsoft.AspNetCore.Authentication.AuthenticationMiddleware.Invoke(HttpContext context)
         at Swashbuckle.AspNetCore.SwaggerUI.SwaggerUIMiddleware.Invoke(HttpContext httpContext)
         at Swashbuckle.AspNetCore.Swagger.SwaggerMiddleware.Invoke(HttpContext httpContext, ISwaggerProvider swaggerProvider)
         at Microsoft.AspNetCore.Diagnostics.ExceptionHandlerMiddlewareImpl.<Invoke>g__Awaited|10_0(ExceptionHandlerMiddlewareImpl middleware, HttpContext context, Task task)
      ClientConnectionId:1d4cda83-35b8-4d9d-acb6-29e1a670c73b
fail: Microsoft.AspNetCore.Diagnostics.ExceptionHandlerMiddleware[1]
      An unhandled exception has occurred while executing the request.
      Microsoft.Data.SqlClient.SqlException (0x80131904): A severe error occurred on the current command.  The results, if any, should be discarded.
      Operation cancelled by user.
         at System.Threading.Tasks.ContinuationResultTaskFromResultTask`2.InnerInvoke()
         at System.Threading.ExecutionContext.RunInternal(ExecutionContext executionContext, ContextCallback callback, Object state)
      --- End of stack trace from previous location ---
         at System.Threading.ExecutionContext.RunInternal(ExecutionContext executionContext, ContextCallback callback, Object state)
         at System.Threading.Tasks.Task.ExecuteWithThreadLocal(Task& currentTaskSlot, Thread threadPoolThread)
      --- End of stack trace from previous location ---
         at Microsoft.EntityFrameworkCore.Storage.RelationalCommand.ExecuteReaderAsync(RelationalCommandParameterObject parameterObject, CancellationToken cancellationToken)
         at Microsoft.EntityFrameworkCore.Storage.RelationalCommand.ExecuteReaderAsync(RelationalCommandParameterObject parameterObject, CancellationToken cancellationToken)
         at Microsoft.EntityFrameworkCore.Query.Internal.SingleQueryingEnumerable`1.AsyncEnumerator.InitializeReaderAsync(AsyncEnumerator enumerator, CancellationToken cancellationToken)
         at Microsoft.EntityFrameworkCore.SqlServer.Storage.Internal.SqlServerExecutionStrategy.ExecuteAsync[TState,TResult](TState state, Func`4 operation, Func`4 verifySucceeded, CancellationToken cancellationToken)
         at Microsoft.EntityFrameworkCore.Query.Internal.SingleQueryingEnumerable`1.AsyncEnumerator.MoveNextAsync()
         at Microsoft.EntityFrameworkCore.EntityFrameworkQueryableExtensions.ToListAsync[TSource](IQueryable`1 source, CancellationToken cancellationToken)
         at Microsoft.EntityFrameworkCore.EntityFrameworkQueryableExtensions.ToListAsync[TSource](IQueryable`1 source, CancellationToken cancellationToken)
         at JobOrbit.Infrastructure.Persistence.Repositories.AdminReportRepository.TrendsAsync(AdminReportFilter f, CancellationToken t) in C:\Users\hesha\OneDrive\Desktop\JobOrbitAI\src\JobOrbit.Infrastructure\Persistence\Repositories\AdminReportRepository.cs:line 11
         at JobOrbit.API.Controllers.AdminReportsController.Trends(AdminReportFilter f, CancellationToken t) in C:\Users\hesha\OneDrive\Desktop\JobOrbitAI\src\JobOrbit.API\Controllers\AdminReportsController.cs:line 7
         at Microsoft.AspNetCore.Mvc.Infrastructure.ActionMethodExecutor.TaskOfIActionResultExecutor.Execute(ActionContext actionContext, IActionResultTypeMapper mapper, ObjectMethodExecutor executor, Object controller, Object[] arguments)
         at Microsoft.AspNetCore.Mvc.Infrastructure.ControllerActionInvoker.<InvokeActionMethodAsync>g__Awaited|12_0(ControllerActionInvoker invoker, ValueTask`1 actionResultValueTask)
         at Microsoft.AspNetCore.Mvc.Infrastructure.ControllerActionInvoker.<InvokeNextActionFilterAsync>g__Awaited|10_0(ControllerActionInvoker invoker, Task lastTask, State next, Scope scope, Object state, Boolean isCompleted)
         at Microsoft.AspNetCore.Mvc.Infrastructure.ControllerActionInvoker.Rethrow(ActionExecutedContextSealed context)
         at Microsoft.AspNetCore.Mvc.Infrastructure.ControllerActionInvoker.Next(State& next, Scope& scope, Object& state, Boolean& isCompleted)
         at Microsoft.AspNetCore.Mvc.Infrastructure.ControllerActionInvoker.<InvokeInnerFilterAsync>g__Awaited|13_0(ControllerActionInvoker invoker, Task lastTask, State next, Scope scope, Object state, Boolean isCompleted)
         at Microsoft.AspNetCore.Mvc.Infrastructure.ResourceInvoker.<InvokeFilterPipelineAsync>g__Awaited|20_0(ResourceInvoker invoker, Task lastTask, State next, Scope scope, Object state, Boolean isCompleted)
         at Microsoft.AspNetCore.Mvc.Infrastructure.ResourceInvoker.<InvokeAsync>g__Awaited|17_0(ResourceInvoker invoker, Task task, IDisposable scope)
         at Microsoft.AspNetCore.Mvc.Infrastructure.ResourceInvoker.<InvokeAsync>g__Awaited|17_0(ResourceInvoker invoker, Task task, IDisposable scope)
         at Microsoft.AspNetCore.Authorization.AuthorizationMiddleware.Invoke(HttpContext context)
         at Microsoft.AspNetCore.Authentication.AuthenticationMiddleware.Invoke(HttpContext context)
         at Swashbuckle.AspNetCore.SwaggerUI.SwaggerUIMiddleware.Invoke(HttpContext httpContext)
         at Swashbuckle.AspNetCore.Swagger.SwaggerMiddleware.Invoke(HttpContext httpContext, ISwaggerProvider swaggerProvider)
         at Microsoft.AspNetCore.Diagnostics.ExceptionHandlerMiddlewareImpl.<Invoke>g__Awaited|10_0(ExceptionHandlerMiddlewareImpl middleware, HttpContext context, Task task)
      ClientConnectionId:15f2766a-fd9e-4658-966f-a56c93c43f75
fail: Microsoft.AspNetCore.Diagnostics.ExceptionHandlerMiddleware[1]
      An unhandled exception has occurred while executing the request.
      Microsoft.Data.SqlClient.SqlException (0x80131904): A severe error occurred on the current command.  The results, if any, should be discarded.
      Operation cancelled by user.
         at System.Threading.Tasks.ContinuationResultTaskFromResultTask`2.InnerInvoke()
         at System.Threading.ExecutionContext.RunInternal(ExecutionContext executionContext, ContextCallback callback, Object state)
      --- End of stack trace from previous location ---
         at System.Threading.ExecutionContext.RunInternal(ExecutionContext executionContext, ContextCallback callback, Object state)
         at System.Threading.Tasks.Task.ExecuteWithThreadLocal(Task& currentTaskSlot, Thread threadPoolThread)
      --- End of stack trace from previous location ---
         at Microsoft.EntityFrameworkCore.Storage.RelationalCommand.ExecuteReaderAsync(RelationalCommandParameterObject parameterObject, CancellationToken cancellationToken)
         at Microsoft.EntityFrameworkCore.Storage.RelationalCommand.ExecuteReaderAsync(RelationalCommandParameterObject parameterObject, CancellationToken cancellationToken)
         at Microsoft.EntityFrameworkCore.Query.Internal.SingleQueryingEnumerable`1.AsyncEnumerator.InitializeReaderAsync(AsyncEnumerator enumerator, CancellationToken cancellationToken)
         at Microsoft.EntityFrameworkCore.SqlServer.Storage.Internal.SqlServerExecutionStrategy.ExecuteAsync[TState,TResult](TState state, Func`4 operation, Func`4 verifySucceeded, CancellationToken cancellationToken)
         at Microsoft.EntityFrameworkCore.Query.Internal.SingleQueryingEnumerable`1.AsyncEnumerator.MoveNextAsync()
         at Microsoft.EntityFrameworkCore.EntityFrameworkQueryableExtensions.ToListAsync[TSource](IQueryable`1 source, CancellationToken cancellationToken)
         at Microsoft.EntityFrameworkCore.EntityFrameworkQueryableExtensions.ToListAsync[TSource](IQueryable`1 source, CancellationToken cancellationToken)
         at JobOrbit.Infrastructure.Persistence.Repositories.AdminReportRepository.TimeToHireAsync(AdminReportFilter f, CancellationToken t) in C:\Users\hesha\OneDrive\Desktop\JobOrbitAI\src\JobOrbit.Infrastructure\Persistence\Repositories\AdminReportRepository.cs:line 15
         at JobOrbit.API.Controllers.AdminReportsController.TimeToHire(AdminReportFilter f, CancellationToken t) in C:\Users\hesha\OneDrive\Desktop\JobOrbitAI\src\JobOrbit.API\Controllers\AdminReportsController.cs:line 11
         at Microsoft.AspNetCore.Mvc.Infrastructure.ActionMethodExecutor.TaskOfIActionResultExecutor.Execute(ActionContext actionContext, IActionResultTypeMapper mapper, ObjectMethodExecutor executor, Object controller, Object[] arguments)
         at Microsoft.AspNetCore.Mvc.Infrastructure.ControllerActionInvoker.<InvokeActionMethodAsync>g__Awaited|12_0(ControllerActionInvoker invoker, ValueTask`1 actionResultValueTask)
         at Microsoft.AspNetCore.Mvc.Infrastructure.ControllerActionInvoker.<InvokeNextActionFilterAsync>g__Awaited|10_0(ControllerActionInvoker invoker, Task lastTask, State next, Scope scope, Object state, Boolean isCompleted)
         at Microsoft.AspNetCore.Mvc.Infrastructure.ControllerActionInvoker.Rethrow(ActionExecutedContextSealed context)
         at Microsoft.AspNetCore.Mvc.Infrastructure.ControllerActionInvoker.Next(State& next, Scope& scope, Object& state, Boolean& isCompleted)
         at Microsoft.AspNetCore.Mvc.Infrastructure.ControllerActionInvoker.<InvokeInnerFilterAsync>g__Awaited|13_0(ControllerActionInvoker invoker, Task lastTask, State next, Scope scope, Object state, Boolean isCompleted)
         at Microsoft.AspNetCore.Mvc.Infrastructure.ResourceInvoker.<InvokeFilterPipelineAsync>g__Awaited|20_0(ResourceInvoker invoker, Task lastTask, State next, Scope scope, Object state, Boolean isCompleted)
         at Microsoft.AspNetCore.Mvc.Infrastructure.ResourceInvoker.<InvokeAsync>g__Awaited|17_0(ResourceInvoker invoker, Task task, IDisposable scope)
         at Microsoft.AspNetCore.Mvc.Infrastructure.ResourceInvoker.<InvokeAsync>g__Awaited|17_0(ResourceInvoker invoker, Task task, IDisposable scope)
         at Microsoft.AspNetCore.Authorization.AuthorizationMiddleware.Invoke(HttpContext context)
         at Microsoft.AspNetCore.Authentication.AuthenticationMiddleware.Invoke(HttpContext context)
         at Swashbuckle.AspNetCore.SwaggerUI.SwaggerUIMiddleware.Invoke(HttpContext httpContext)
         at Swashbuckle.AspNetCore.Swagger.SwaggerMiddleware.Invoke(HttpContext httpContext, ISwaggerProvider swaggerProvider)
         at Microsoft.AspNetCore.Diagnostics.ExceptionHandlerMiddlewareImpl.<Invoke>g__Awaited|10_0(ExceptionHandlerMiddlewareImpl middleware, HttpContext context, Task task)
      ClientConnectionId:0c832117-e947-4c53-9976-59ff91359399
info: Microsoft.EntityFrameworkCore.Database.Command[20101]
      Executed DbCommand (1ms) [Parameters=[@p='?' (DbType = Int32), @p1='?' (DbType = Int32)], CommandType='Text', CommandTimeout='30']
      SELECT [j0].[Id], [j0].[Title], [j0].[OrganizationId], [o].[Name], [j0].[DepartmentId], [d].[Name], [r].[UserId], [u].[FirstName] + N' ' + [u].[LastName], CASE [j0].[Status]
          WHEN 1 THEN N'Draft'
          WHEN 2 THEN N'Published'
          WHEN 3 THEN N'Paused'
          WHEN 4 THEN N'Closed'
          WHEN 5 THEN N'Archived'
          ELSE CAST([j0].[Status] AS nvarchar(max))
      END, [j0].[EmploymentType], [j0].[WorkplaceType], [j0].[Location], (
          SELECT COUNT(*)
          FROM [JobApplications] AS [j1]
          WHERE [j0].[Id] = [j1].[JobPostingId]), [j0].[IsFeatured], [j0].[PublishedAt], [j0].[ClosingAt], [j0].[CreatedAt]
      FROM (
          SELECT [j].[Id], [j].[ClosingAt], [j].[CreatedAt], [j].[DepartmentId], [j].[EmploymentType], [j].[IsFeatured], [j].[Location], [j].[OrganizationId], [j].[PublishedAt], [j].[RecruiterProfileId], [j].[Status], [j].[Title], [j].[WorkplaceType]
          FROM [JobPostings] AS [j]
          ORDER BY [j].[CreatedAt] DESC
          OFFSET @p ROWS FETCH NEXT @p1 ROWS ONLY
      ) AS [j0]
      INNER JOIN [Organizations] AS [o] ON [j0].[OrganizationId] = [o].[Id]
      INNER JOIN [Departments] AS [d] ON [j0].[DepartmentId] = [d].[Id]
      INNER JOIN [RecruiterProfiles] AS [r] ON [j0].[RecruiterProfileId] = [r].[Id]
      INNER JOIN [Users] AS [u] ON [r].[UserId] = [u].[Id]
      ORDER BY [j0].[CreatedAt] DESC
info: Microsoft.EntityFrameworkCore.Database.Command[20101]
      Executed DbCommand (0ms) [Parameters=[@userId='?' (DbType = Int32)], CommandType='Text', CommandTimeout='30']
      SELECT TOP(2) [u].[Id], [u].[ApplicationStatusNotifications], [u].[CreatedAt], [u].[Email], [u].[EmailNotifications], [u].[FirstName], [u].[InterviewReminders], [u].[IsActive], [u].[JobRecommendationNotifications], [u].[LastName], [u].[PasswordHash], [u].[Role], [u].[UpdatedAt]
      FROM [Users] AS [u]
      WHERE [u].[Id] = @userId
info: Microsoft.EntityFrameworkCore.Database.Command[20101]
      Executed DbCommand (0ms) [Parameters=[@userId='?' (DbType = Int32)], CommandType='Text', CommandTimeout='30']
      SELECT TOP(2) [u].[Id], [u].[ApplicationStatusNotifications], [u].[CreatedAt], [u].[Email], [u].[EmailNotifications], [u].[FirstName], [u].[InterviewReminders], [u].[IsActive], [u].[JobRecommendationNotifications], [u].[LastName], [u].[PasswordHash], [u].[Role], [u].[UpdatedAt]
      FROM [Users] AS [u]
      WHERE [u].[Id] = @userId
info: Microsoft.EntityFrameworkCore.Database.Command[20101]
      Executed DbCommand (0ms) [Parameters=[], CommandType='Text', CommandTimeout='30']
      SELECT COUNT(*)
      FROM [Users] AS [u]
info: Microsoft.EntityFrameworkCore.Database.Command[20101]
      Executed DbCommand (0ms) [Parameters=[], CommandType='Text', CommandTimeout='30']
      SELECT COUNT(*)
      FROM [Users] AS [u]
      WHERE [u].[Role] = 1
info: Microsoft.EntityFrameworkCore.Database.Command[20101]
      Executed DbCommand (0ms) [Parameters=[], CommandType='Text', CommandTimeout='30']
      SELECT COUNT(*)
      FROM [Users] AS [u]
      WHERE [u].[Role] = 2
info: Microsoft.EntityFrameworkCore.Database.Command[20101]
      Executed DbCommand (0ms) [Parameters=[@f='?' (DbType = DateTime2), @to='?' (DbType = DateTime2)], CommandType='Text', CommandTimeout='30']
      SELECT [u0].[Year], [u0].[Month], COUNT(CASE
          WHEN [u0].[Role] = 1 THEN 1
      END) AS [Candidates], COUNT(CASE
          WHEN [u0].[Role] = 2 THEN 1
      END) AS [Recruiters], COUNT(CASE
          WHEN [u0].[Role] = 4 THEN 1
      END) AS [Managers], COUNT(CASE
          WHEN [u0].[Role] = 3 THEN 1
      END) AS [Admins]
      FROM (
          SELECT [u].[Role], DATEPART(year, [u].[CreatedAt]) AS [Year], DATEPART(month, [u].[CreatedAt]) AS [Month]
          FROM [Users] AS [u]
          WHERE [u].[CreatedAt] >= @f AND [u].[CreatedAt] <= @to
      ) AS [u0]
      GROUP BY [u0].[Year], [u0].[Month]
info: Microsoft.EntityFrameworkCore.Database.Command[20101]
      Executed DbCommand (0ms) [Parameters=[], CommandType='Text', CommandTimeout='30']
      SELECT COUNT(*)
      FROM [Users] AS [u]
      WHERE [u].[Role] = 4
info: Microsoft.EntityFrameworkCore.Database.Command[20101]
      Executed DbCommand (0ms) [Parameters=[], CommandType='Text', CommandTimeout='30']
      SELECT COUNT(*)
      FROM [JobPostings] AS [j]
      WHERE [j].[Status] = 2 AND ([j].[ClosingAt] IS NULL OR [j].[ClosingAt] > GETUTCDATE())
info: Microsoft.EntityFrameworkCore.Database.Command[20101]
      Executed DbCommand (0ms) [Parameters=[], CommandType='Text', CommandTimeout='30']
      SELECT [j].[Status] AS [Key], COUNT(*) AS [Count]
      FROM [JobApplications] AS [j]
      GROUP BY [j].[Status]
info: Microsoft.EntityFrameworkCore.Database.Command[20101]
      Executed DbCommand (0ms) [Parameters=[], CommandType='Text', CommandTimeout='30']
      SELECT COUNT(*)
      FROM [JobApplications] AS [j]
info: Microsoft.EntityFrameworkCore.Database.Command[20101]
      Executed DbCommand (0ms) [Parameters=[], CommandType='Text', CommandTimeout='30']
      SELECT COUNT(*)
      FROM [Interviews] AS [i]
      WHERE [i].[Status] <> 3
info: Microsoft.EntityFrameworkCore.Database.Command[20101]
      Executed DbCommand (1ms) [Parameters=[@p='?' (DbType = Int32)], CommandType='Text', CommandTimeout='30']
      SELECT [a0].[Id] AS [ActivityId], [a0].[Action], COALESCE([a0].[Description], [a0].[Action] + N' on ' + [a0].[EntityName]) AS [Description], COALESCE([a0].[ActorNameSnapshot], CASE
          WHEN [u].[Id] IS NULL THEN N'System'
          ELSE COALESCE([u].[FirstName], N'') + N' ' + COALESCE([u].[LastName], N'')
      END) AS [ActorName], COALESCE([a0].[ActorRoleSnapshot], CASE
          WHEN [u].[Id] IS NULL THEN NULL
          ELSE CASE [u].[Role]
              WHEN 1 THEN N'Candidate'
              WHEN 2 THEN N'Recruiter'
              WHEN 3 THEN N'Administrator'
              WHEN 4 THEN N'HiringManager'
              ELSE ISNULL(CAST([u].[Role] AS nvarchar(max)), N'')
          END
      END) AS [ActorRole], [a0].[EntityName] AS [EntityType], CASE [a0].[Severity]
          WHEN 1 THEN N'Information'
          WHEN 2 THEN N'Warning'
          WHEN 3 THEN N'Critical'
          ELSE CAST([a0].[Severity] AS nvarchar(max))
      END AS [Severity], [a0].[CreatedAt] AS [OccurredAt]
      FROM (
          SELECT TOP(@p) [a].[Id], [a].[Action], [a].[ActorNameSnapshot], [a].[ActorRoleSnapshot], [a].[CreatedAt], [a].[Description], [a].[EntityName], [a].[Severity], [a].[UserId]
          FROM [AuditLogs] AS [a]
          ORDER BY [a].[CreatedAt] DESC
      ) AS [a0]
      LEFT JOIN [Users] AS [u] ON [a0].[UserId] = [u].[Id]
      ORDER BY [a0].[CreatedAt] DESC
info: Microsoft.EntityFrameworkCore.Database.Command[20101]
      Executed DbCommand (1ms) [Parameters=[@from='?' (DbType = DateTime2)], CommandType='Text', CommandTimeout='30']
      SELECT [j0].[Year], [j0].[Month], COUNT(*) AS [Count]
      FROM (
          SELECT DATEPART(year, [j].[AppliedAt]) AS [Year], DATEPART(month, [j].[AppliedAt]) AS [Month]
          FROM [JobApplications] AS [j]
          WHERE [j].[AppliedAt] >= @from
      ) AS [j0]
      GROUP BY [j0].[Year], [j0].[Month]
info: Microsoft.EntityFrameworkCore.Database.Command[20101]
      Executed DbCommand (0ms) [Parameters=[], CommandType='Text', CommandTimeout='30']
      SELECT COUNT(*)
      FROM [JobApplications] AS [j]
      WHERE [j].[Status] = 6
info: Microsoft.EntityFrameworkCore.Database.Command[20101]
      Executed DbCommand (0ms) [Parameters=[], CommandType='Text', CommandTimeout='30']
      SELECT COUNT(*)
      FROM [JobApplications] AS [j]
info: Microsoft.EntityFrameworkCore.Database.Command[20101]
      Executed DbCommand (0ms) [Parameters=[], CommandType='Text', CommandTimeout='30']
      SELECT COUNT(*)
      FROM [Organizations] AS [o]
info: Microsoft.EntityFrameworkCore.Database.Command[20101]
      Executed DbCommand (0ms) [Parameters=[], CommandType='Text', CommandTimeout='30']
      SELECT 1
info: Microsoft.EntityFrameworkCore.Database.Command[20101]
      Executed DbCommand (1ms) [Parameters=[], CommandType='Text', CommandTimeout='30']
      SELECT COUNT(*)
      FROM [Users] AS [u]
info: Microsoft.EntityFrameworkCore.Database.Command[20101]
      Executed DbCommand (1ms) [Parameters=[@month='?' (DbType = DateTime2)], CommandType='Text', CommandTimeout='30']
      SELECT COUNT(*)
      FROM [Users] AS [u]
      WHERE [u].[CreatedAt] >= @month
info: Microsoft.EntityFrameworkCore.Database.Command[20101]
      Executed DbCommand (0ms) [Parameters=[], CommandType='Text', CommandTimeout='30']
      SELECT COUNT(*)
      FROM [Organizations] AS [o]
info: Microsoft.EntityFrameworkCore.Database.Command[20101]
      Executed DbCommand (0ms) [Parameters=[], CommandType='Text', CommandTimeout='30']
      SELECT COUNT(*)
      FROM [JobPostings] AS [j]
info: Microsoft.EntityFrameworkCore.Database.Command[20101]
      Executed DbCommand (0ms) [Parameters=[], CommandType='Text', CommandTimeout='30']
      SELECT COUNT(*)
      FROM [JobApplications] AS [j]
info: Microsoft.EntityFrameworkCore.Database.Command[20101]
      Executed DbCommand (0ms) [Parameters=[], CommandType='Text', CommandTimeout='30']
      SELECT COUNT(*)
      FROM [Interviews] AS [i]
info: Microsoft.EntityFrameworkCore.Database.Command[20101]
      Executed DbCommand (0ms) [Parameters=[], CommandType='Text', CommandTimeout='30']
      SELECT COUNT(*)
      FROM [CandidateEvaluations] AS [c]
